오더번호,개수: Sku Code,합계: 수량의 부피,B2C구분
723030605109,3,137.415,B2C
723030606434,3,112.92779999999999,B2C
723030700748,3,111.1428,B2C
723030700595,5,109.727568,B2C
723030607895,4,109.42514,B2C
723030608150,3,102.865056,B2C
723030605129,5,98.748621,B2C
723030700986,3,97.336096,B2C
723030605867,3,97.061688,B2C
723030606013,3,95.98085999999999,B2C
723030606445,2,94.33500000000001,B2C
723030607785,4,93.19374599999999,B2C
723030702673,2,92.186688,B2C
723030701458,3,92.102592,B2C
723030606238,4,92.004752,B2C
723030607372,6,91.40617999999999,B2C
723030703549,4,89.28188999999999,B2C
723030703598,3,89.23570000000001,B2C
723030700551,3,88.485012,B2C
723030701952,2,88.1511,B2C
723030702430,1,86.7504,B2B
723030605223,3,84.957488,B2C
723030700602,5,84.43712,B2C
723030607529,7,83.059528,B2B
723030608179,7,83.059078,B2C
723030606092,11,82.56929,B2C
723030702213,5,82.003288,B2C
723030606493,4,81.377338,B2C
723030701301,2,81.22,B2C
723030605026,2,77.512,B2C
723030700753,7,77.054981,B2C
723030701235,2,76.41229799999999,B2C
723030700279,4,76.31359599999999,B2C
723030607157,4,75.097879,B2C
723030605952,2,73.8672,B2C
723030607356,2,73.6927,B2C
723030606130,2,73.35061,B2C
723030600160,2,73.07849999999999,B2C
723030606246,1,72.292,B2C
723030700317,1,72.292,B2C
723030607292,1,72.292,B2C
723030702087,1,72.292,B2C
723030605190,3,71.8948,B2C
723030607641,6,71.076152,B2C
723030702461,11,70.398068,B2C
723030607503,3,68.545969,B2C
723030701173,4,67.656688,B2C
723030703437,7,67.531451,B2C
723030604986,7,66.08025599999999,B2B
723030606451,6,65.982125,B2C
723030700138,2,65.4768,B2C
723030702365,5,65.119392,B2C
723030702349,20,64.930816,B2B
723030607171,5,64.566908,B2C
723030608446,3,63.7586,B2C
723030702370,6,63.742784,B2C
723030703707,5,63.686949999999996,B2C
723030702613,2,62.76864,B2C
723030703459,4,61.68055,B2C
723030700654,6,61.299606,B2C
723030606586,2,61.1556,B2C
723030701398,4,60.755455999999995,B2C
723030606908,7,60.088235000000005,B2C
723030605395,5,59.98576,B2C
723030606392,5,59.1998,B2C
723030608330,1,57.8336,B2C
723030700892,9,57.820628,B2C
723030701869,5,57.410039999999995,B2C
723030606077,6,56.510971999999995,B2C
723030701003,6,56.39118,B2C
723030607468,7,56.117076000000004,B2C
723030606242,15,55.836407,B2C
723030701824,2,54.91674,B2C
723030702243,5,54.801636,B2C
723030703229,5,54.491002,B2C
723030702292,5,54.121567999999996,B2C
723030701394,4,53.9932,B2C
723030700796,5,53.359505999999996,B2C
723030702279,4,53.320857,B2C
723030701318,2,53.316912,B2C
723030701341,2,53.316912,B2C
723030701093,4,52.8562,B2C
723030702234,3,52.4542,B2C
723030703406,2,52.43568,B2C
723030702101,2,52.029199999999996,B2C
723030606347,10,51.65674,B2B
723030700594,4,51.162881999999996,B2C
723030607648,7,50.814994,B2C
723030702976,3,50.642768000000004,B2C
723030701638,3,50.371295999999994,B2C
723030605229,4,49.841552,B2C
723030700693,5,49.504215,B2C
723030702819,4,49.475869,B2C
723030701954,3,49.407551999999995,B2C
723030606345,2,49.164192,B2C
723030701771,4,48.934496,B2C
723030606476,2,48.811488,B2C
723030703014,5,48.312788,B2C
723030607130,9,48.175917999999996,B2C
723030703649,5,48.088998,B2C
723030606925,4,47.982233,B2C
723030700360,6,47.864062,B2C
723030701118,6,47.838284,B2C
723030608302,2,47.8302,B2C
723030701358,7,47.825396,B2C
723030605285,6,47.761545999999996,B2C
723030700332,4,47.581688,B2C
723030605624,5,47.532674,B2C
723030606620,10,47.053051999999994,B2C
723030606851,3,46.418496,B2C
723030608132,9,46.188662,B2C
723030702337,2,46.09248,B2C
723030702505,4,46.06295,B2C
723030606307,3,45.905169,B2C
723030700715,6,45.75439,B2C
723030605925,3,45.617169000000004,B2C
723030607802,2,45.6027,B2B
723030702450,4,45.413054,B2C
723030702720,12,45.396423999999996,B2C
723030703227,4,45.102954,B2C
723030606401,8,44.652186,B2C
723030605338,6,44.571695999999996,B2C
723030703562,8,44.267381,B2C
723030702228,6,44.161531999999994,B2C
723030607244,3,44.151849999999996,B2C
723030606282,5,43.944992,B2C
723030702748,2,43.918369,B2C
723030701420,2,43.876,B2C
723030607433,1,43.3752,B2C
723030605194,1,43.3752,B2C
723030605675,4,43.185756,B2C
723030703681,2,42.99264,B2C
723030605904,5,42.967217,B2C
723030605315,7,42.831454,B2C
723030608404,6,42.476783999999995,B2C
723030701806,5,42.350491,B2C
723030608639,7,42.216927999999996,B2C
723030702355,4,42.043791999999996,B2C
723030702833,6,42.029579,B2C
723030608594,9,42.028284,B2C
723030606489,5,41.672114,B2C
723030701248,9,41.671537,B2C
723030700756,5,41.63485,B2C
723030606612,6,41.390784,B2B
723030700955,8,41.367952,B2C
723030702389,3,41.363008,B2C
723030703761,8,41.24352,B2C
723030608258,6,40.758365,B2C
723030702967,3,40.64864,B2C
723030605411,2,40.601,B2C
723030606868,5,40.426795999999996,B2C
723030701588,3,40.128192,B2C
723030703709,6,40.005497,B2C
723030701677,10,39.838938,B2C
723030701268,5,39.789376,B2C
723030702698,1,39.199999999999996,B2C
723030702351,4,39.129999999999995,B2C
723030703279,4,39.068719,B2C
723030702693,2,39.046656,B2B
723030703133,5,38.4747,B2B
723030605136,3,38.22714,B2C
723030605203,2,37.951871999999995,B2C
723030701509,11,37.94767,B2C
723030606186,5,37.829175,B2C
723030700632,9,37.774222,B2C
723030608549,4,37.601974999999996,B2C
723030701051,17,37.597941999999996,B2C
723030700620,6,37.479149,B2C
723030700645,4,37.2934,B2C
723030608228,4,37.14685,B2C
723030700257,5,37.080096,B2C
723030703210,8,36.93658,B2C
723030700412,3,36.897408,B2C
723030701199,4,36.87405,B2C
723030702870,2,36.684,B2C
723030606180,2,36.62975,B2B
723030606464,4,36.5423,B2C
723030702697,5,36.351032,B2C
723030701564,2,36.287204,B2C
723030607041,2,36.24192,B2C
723030608502,2,36.23015,B2B
723030702218,5,36.170533,B2C
723030606732,1,36.146,B2C
723030607451,1,36.146,B2C
723030702439,3,36.0193,B2C
723030703207,4,36.015928,B2C
723030701602,3,35.996992,B2C
723030701309,4,35.987392,B2C
723030608381,4,35.972646,B2C
723030607505,3,35.8373,B2C
723030701317,2,35.808175,B2C
723030700346,6,35.74607099999999,B2C
723030702598,6,35.583740999999996,B2B
723030703426,4,35.237156,B2C
723030608007,7,35.14192,B2C
723030703605,5,35.055465999999996,B2C
723030605219,6,34.906769999999995,B2C
723030703604,7,34.860732,B2C
723030703584,3,34.767088,B2C
723030701299,4,34.675827999999996,B2C
723030702507,6,34.67302,B2C
723030702951,7,34.624916,B2C
723030700828,3,34.407184,B2C
723030700970,9,34.26018,B2C
723030700523,6,34.239054,B2C
723030701948,2,34.23805,B2C
723030607110,1,34.125,B2C
723030700036,3,34.085392,B2C
723030701525,6,33.80348,B2C
723030607150,2,33.791799999999995,B2C
723030608064,5,33.760571999999996,B2C
723030700251,4,33.6531,B2C
723030608590,5,33.578592,B2C
723030700281,8,33.392176,B2C
723030606890,2,33.3036,B2B
723030703590,4,33.177887999999996,B2C
723030608640,2,32.8876,B2C
723030700487,5,32.782464,B2C
723030605164,3,32.50294,B2C
723030700193,4,32.448527,B2C
723030703002,4,32.375175999999996,B2C
723030701629,2,32.3468,B2C
723030701787,3,32.273296,B2C
723030700090,8,32.141459999999995,B2C
723030700599,5,32.130804999999995,B2C
723030701529,5,32.042049999999996,B2C
723030604994,6,32.011467,B2C
723030608385,4,31.994646,B2C
723030608147,9,31.964014,B2C
723030700457,6,31.96124,B2C
723030606757,6,31.912899999999997,B2C
723030702692,3,31.767083999999997,B2C
723030608383,3,31.683825,B2B
723030703486,4,31.586170999999997,B2C
723030606559,4,31.558902999999997,B2C
723030608370,4,31.275722,B2C
723030605818,6,31.065116,B2C
723030703695,9,30.994472000000002,B2C
723030605298,3,30.993688,B2C
723030700987,5,30.733536,B2C
723030700216,2,30.728896,B2B
723030607730,5,30.715595,B2C
723030605307,6,30.697357999999998,B2C
723030608508,5,30.68688,B2C
723030602833,5,30.647016999999998,B2C
723030606794,6,30.576151,B2B
723030703750,4,30.568156,B2C
723030606226,5,30.374512,B2C
723030700065,4,30.335712,B2C
723030702157,3,30.115359,B2C
723030608572,6,29.9691,B2B
723030607925,5,29.840666,B2C
723030701166,4,29.828688,B2C
723030702465,2,29.812096,B2C
723030703422,2,29.7335,B2C
723030702485,6,29.704421,B2C
723030702053,10,29.597336,B2C
723030701996,6,29.557926,B2C
723030604862,2,29.459968999999997,B2B
723030701326,6,29.308532,B2C
723030608247,3,29.300575,B2C
723030703250,9,29.259320000000002,B2C
723030701033,5,29.22685,B2C
723030702726,7,29.207103999999998,B2C
723030606056,2,29.19456,B2B
723030701539,7,29.163493,B2C
723030608418,4,29.112292,B2C
723030700981,4,29.088375999999997,B2C
723030701918,2,29.083399999999997,B2C
723030700701,3,28.987499999999997,B2C
723030700962,6,28.94145,B2C
723030703115,6,28.783292,B2C
723030608561,9,28.721939,B2C
723030606459,3,28.6984,B2C
723030701895,7,28.686884999999997,B2C
723030606633,7,28.679605,B2C
723030701494,2,28.578975,B2C
723030607010,5,28.517419999999998,B2C
723030607757,4,28.467395999999997,B2C
723030600443,7,28.44922,B2C
723030702187,4,28.247424,B2C
723030608333,13,28.196526,B2C
723030607740,5,28.18688,B2C
723030605986,5,28.021977999999997,B2C
723030605050,5,28.006512,B2C
723030606833,7,27.927528,B2C
723030701212,5,27.869450999999998,B2C
723030701554,8,27.863039999999998,B2C
723030701808,3,27.856175999999998,B2C
723030607265,9,27.79007,B2C
723030702056,4,27.7362,B2C
723030700664,6,27.678928,B2C
723030700480,3,27.642186,B2C
723030701170,2,27.6164,B2C
723030703645,2,27.605999999999998,B2C
723030700441,4,27.588578,B2C
723030701110,3,27.482096000000002,B2C
723030701863,2,27.435,B2C
723030606656,2,27.430656,B2B
723030605063,6,27.292302999999997,B2C
723030608363,8,27.147617,B2C
723030700300,6,27.131192,B2C
723030701886,2,26.928132,B2C
723030700810,2,26.8716,B2B
723030700949,3,26.835623000000002,B2C
723030605886,3,26.781792,B2B
723030607212,7,26.717548,B2C
723030702930,3,26.648055999999997,B2C
723030606532,7,26.605363999999998,B2C
723030606878,4,26.581784,B2C
723030605579,6,26.546824,B2C
723030608604,4,26.5135,B2C
723030606663,6,26.470944,B2C
723030700367,8,26.465521,B2C
723030608350,5,26.465392,B2B
723030702544,4,26.463869,B2C
723030608149,7,26.456587999999996,B2C
723030608544,2,26.403959999999998,B2C
723030700333,5,26.247519999999998,B2C
723030701783,6,26.1956,B2C
723030703125,2,26.182656,B2C
723030606978,5,26.132883999999997,B2C
723030701320,2,26.100544,B2C
723030607350,2,25.949483999999998,B2C
723030700592,8,25.899061,B2C
723030606566,9,25.88564,B2C
723030703164,3,25.87125,B2C
723030606177,2,25.76352,B2C
723030702357,2,25.7626,B2C
723030701785,6,25.637489,B2C
723030703119,4,25.61373,B2C
723030606630,3,25.457,B2C
723030700051,4,25.420496,B2C
723030607037,3,25.387864,B2C
723030606934,5,25.379092,B2C
723030607438,6,25.335570999999998,B2C
723030607095,2,25.311792,B2B
723030703568,3,25.264704000000002,B2C
723030702768,6,25.172652999999997,B2C
723030700478,7,25.165968,B2C
723030702421,7,25.07544,B2C
723030701232,6,24.992186,B2C
723030702840,5,24.862013999999995,B2C
723030703768,4,24.743499,B2C
723030600217,3,24.66115,B2C
723030606421,2,24.59064,B2C
723030608266,6,24.574199,B2C
723030703588,7,24.566474,B2C
723030605689,10,24.559773999999997,B2C
723030608167,4,24.421181,B2C
723030608401,5,24.3692,B2C
723030700289,5,24.348,B2C
723030608015,6,24.25807,B2C
723030607643,4,24.247935,B2C
723030606172,4,24.239268,B2C
723030701933,3,24.217776,B2C
723030701979,7,24.212815,B2C
723030700225,7,24.095848,B2C
723030605032,8,24.055326,B2C
723030701219,2,24.0341,B2C
723030606849,2,24.0185,B2C
723030703716,4,23.991855,B2C
723030605715,3,23.971120000000003,B2C
723030702885,3,23.94125,B2C
723030703009,2,23.938152,B2B
723030605877,4,23.839752999999998,B2B
723030607839,4,23.830356,B2C
723030702993,4,23.8248,B2C
723030606385,11,23.706359999999997,B2C
723030703708,3,23.680169,B2C
723030701767,4,23.61648,B2B
723030608543,4,23.5759,B2C
723030702307,4,23.565871,B2C
723030605078,2,23.538064,B2B
723030607636,5,23.51888,B2C
723030702141,4,23.482149999999997,B2C
723030608234,7,23.475022,B2C
723030605930,9,23.457492,B2C
723030703515,5,23.429381999999997,B2B
723030703747,3,23.412651999999998,B2B
723030700931,6,23.349691999999997,B2C
723030604963,5,23.33248,B2C
723030608071,6,23.288459999999997,B2C
723030702356,8,23.275076,B2C
723030608208,11,23.271936999999998,B2C
723030608324,4,23.230488,B2C
723030702620,4,23.1608,B2C
723030608569,3,23.107484,B2C
723030608056,4,23.06304,B2C
723030700792,11,23.019316,B2C
723030607665,4,22.976776,B2C
723030606327,3,22.81895,B2B
723030605527,4,22.784076,B2B
723030701484,5,22.748558,B2C
723030701745,3,22.729039999999998,B2C
723030702188,3,22.729039999999998,B2C
723030700185,8,22.713997,B2C
723030605178,4,22.672896,B2B
723030701784,4,22.653596,B2C
723030700631,4,22.651692,B2C
723030702159,7,22.605266,B2C
723030603344,6,22.599985999999998,B2C
723030606888,7,22.549173,B2C
723030607660,7,22.547248,B2C
723030607364,4,22.546196,B2B
723030702792,2,22.426975,B2B
723030702775,2,22.426975,B2B
723030700469,5,22.387735999999997,B2C
723030703249,5,22.322699999999998,B2C
723030608213,4,22.249952999999998,B2C
723030700916,6,22.225896,B2C
723030702593,6,22.116941999999998,B2C
723030607545,6,22.078384,B2C
723030607224,5,22.031031,B2C
723030608651,5,21.977592,B2C
723030701796,4,21.953996,B2C
723030600886,5,21.940108,B2C
723030605807,4,21.930112,B2C
723030607843,3,21.922691999999998,B2C
723030700513,4,21.899092,B2B
723030607695,3,21.859775,B2C
723030608334,5,21.832352,B2C
723030701063,8,21.808542,B2C
723030607517,6,21.807745999999998,B2C
723030605957,3,21.688659,B2C
723030607897,2,21.68851,B2B
723030700071,1,21.6876,B2C
723030703092,7,21.594403999999997,B2C
723030700365,3,21.593487999999997,B2C
723030607717,6,21.565812,B2C
723030606884,6,21.482592,B2B
723030701156,5,21.46669,B2B
723030607993,2,21.444192,B2C
723030607098,5,21.416564,B2C
723030608275,10,21.372175,B2C
723030702424,3,21.364687999999997,B2C
723030703376,7,21.3524,B2C
723030702798,12,21.329338999999997,B2C
723030607794,6,21.318095999999997,B2C
723030605668,2,21.312096,B2C
723030703326,5,21.180965999999998,B2C
723030702965,4,21.067591999999998,B2C
723030701827,6,21.050238,B2C
723030700738,2,21.01195,B2C
723030700454,8,20.96157,B2C
723030607362,7,20.824239,B2C
723030702574,6,20.823722999999998,B2C
723030700509,7,20.793606,B2C
723030606729,5,20.713392,B2C
723030703573,11,20.637804,B2C
723030702807,6,20.589244,B2C
723030700282,6,20.565876,B2C
723030605639,5,20.548592,B2C
723030700532,7,20.505945999999998,B2C
723030607547,7,20.496449999999996,B2C
723030703478,2,20.475374999999996,B2C
723030700488,4,20.433275,B2B
723030604409,8,20.422454,B2C
723030606785,5,20.275343999999997,B2C
723030702984,2,20.258575999999998,B2C
723030605341,2,20.258575999999998,B2C
723030606290,6,20.21654,B2C
723030607904,4,20.082408,B2C
723030703396,5,20.003807999999996,B2C
723030703287,11,19.994874,B2C
723030700054,3,19.981735999999998,B2C
723030607767,5,19.939524,B2C
723030606748,3,19.933055999999997,B2C
723030608293,3,19.913871999999998,B2C
723030606736,3,19.859679999999997,B2C
723030605239,6,19.826031999999998,B2C
723030700241,2,19.634999999999998,B2C
723030700614,4,19.608463999999998,B2B
723030703378,5,19.598267999999997,B2C
723030700783,6,19.567266999999998,B2C
723030702864,7,19.504936,B2C
723030702799,4,19.473536,B2B
723030701274,5,19.431126,B2C
723030703110,5,19.390549999999998,B2C
723030701966,5,19.380247999999998,B2C
723030606322,5,19.367632,B2C
723030700309,12,19.252278999999998,B2C
723030701312,6,19.223328,B2C
723030607189,4,19.204096,B2C
723030703377,4,19.194384,B2B
723030608103,14,19.155193,B2C
723030700492,5,19.137888,B2C
723030703627,4,19.112163,B2B
723030605158,6,19.084605,B2C
723030702552,5,19.068492,B2B
723030607821,5,19.056724,B2C
723030606156,5,19.010488,B2C
723030606351,4,18.957096,B2C
723030608162,5,18.863505999999997,B2B
723030702643,6,18.837984,B2C
723030608032,13,18.788459,B2C
723030700818,3,18.753864,B2C
723030603110,3,18.736559999999997,B2C
723030703181,3,18.650544,B2C
723030701425,6,18.63721,B2C
723030701973,6,18.581799999999998,B2C
723030608111,4,18.564170999999998,B2C
723030606314,5,18.527608,B2C
723030605524,4,18.488056,B2C
723030607499,3,18.394750000000002,B2C
723030703297,5,18.392249999999997,B2C
723030606585,5,18.371298,B2B
723030606575,4,18.371278999999998,B2C
723030702064,3,18.359424,B2C
723030703388,2,18.269999999999996,B2B
723030607912,3,18.258899999999997,B2C
723030605956,5,18.170655999999997,B2C
723030703389,5,18.13361,B2C
723030606295,6,18.131051999999997,B2C
723030605020,3,18.120959999999997,B2C
723030703517,6,18.120959999999997,B2C
723030607072,2,18.110656,B2C
723030605834,3,18.082591999999998,B2C
723030700364,4,18.051554,B2C
723030702126,6,18.030382,B2C
723030703252,3,18.0195,B2C
723030702506,4,17.963936,B2C
723030701622,3,17.937996,B2B
723030606110,2,17.915768999999997,B2B
723030604989,3,17.902162,B2C
723030605663,2,17.856544,B2C
723030606821,4,17.855369,B2C
723030700113,11,17.845713,B2C
723030701847,8,17.805661999999998,B2C
723030606483,4,17.783671,B2C
723030703623,5,17.735303,B2C
723030605645,4,17.66246,B2C
723030606095,2,17.626752,B2C
723030702040,5,17.607467999999997,B2C
723030608377,4,17.548693999999998,B2C
723030608362,4,17.510084,B2C
723030700938,6,17.485616,B2C
723030607861,2,17.472096,B2C
723030606941,4,17.470928999999998,B2C
723030608203,6,17.42862,B2C
723030607917,3,17.427696,B2C
723030702862,6,17.421371999999998,B2C
723030607848,7,17.418911,B2C
723030605216,5,17.412952999999998,B2C
723030702013,7,17.402172,B2C
723030600292,6,17.385638,B2C
723030606104,4,17.373776,B2C
723030701674,5,17.279128,B2C
723030605211,6,17.193890999999997,B2C
723030701036,3,17.184783,B2C
723030702120,3,17.166999999999998,B2C
723030703065,5,17.145792,B2C
723030606689,4,17.139671999999997,B2C
723030701082,4,17.135711999999998,B2C
723030703114,4,17.125596,B2C
723030605331,2,17.10324,B2B
723030700304,6,17.076947999999998,B2C
723030700423,3,17.071875,B2C
723030703438,4,17.016499,B2C
723030701623,4,16.998384,B2C
723030702877,5,16.949602,B2B
723030700221,4,16.933438,B2C
723030607194,4,16.928729,B2C
723030607358,7,16.88947,B2C
723030703240,2,16.8866,B2C
723030605971,7,16.879369999999998,B2C
723030608119,5,16.847307,B2C
723030700120,6,16.825888,B2C
723030703319,4,16.8151,B2C
723030702830,3,16.798949999999998,B2C
723030702046,5,16.723018,B2C
723030702608,3,16.705084,B2B
723030703160,5,16.692472,B2B
723030608021,5,16.686383999999997,B2C
723030701960,2,16.6859,B2B
723030605051,5,16.68114,B2B
723030702968,2,16.601156,B2C
723030608307,3,16.554472,B2C
723030700137,3,16.5195,B2C
723030701335,6,16.514115999999998,B2C
723030702338,5,16.512152,B2C
723030608578,5,16.493818,B2C
723030701434,4,16.479,B2C
723030702250,4,16.476616,B2B
723030702520,7,16.456011999999998,B2C
723030702039,5,16.446064,B2C
723030505078,5,16.444906,B2C
723030605374,5,16.425962,B2C
723030703607,3,16.415768,B2B
723030700762,2,16.4148,B2C
723030701978,2,16.4148,B2B
723030605660,4,16.37864,B2B
723030606217,4,16.364275,B2C
723030606986,4,16.362375,B2C
723030608260,4,16.35054,B2C
723030701998,4,16.34328,B2C
723030701974,4,16.327876,B2C
723030701911,4,16.327876,B2C
723030501912,2,16.308864,B2C
723030606064,2,16.270495999999998,B2B
723030606480,2,16.270495999999998,B2B
723030606190,2,16.266338,B2B
723030702475,6,16.228786,B2B
723030606568,2,16.209864,B2C
723030606801,2,16.1864,B2C
723030605906,2,16.1864,B2B
723030700795,3,16.126768,B2B
723030701577,4,16.108597,B2C
723030606420,10,16.089772,B2B
723030702562,2,16.087906999999998,B2C
723030606431,2,16.070999999999998,B2C
723030606342,2,16.070999999999998,B2C
723030703574,2,16.031399999999998,B2C
723030606647,2,16.031399999999998,B2C
723030703612,3,16.008684,B2C
723030605198,3,15.995999999999999,B2B
723030605000,2,15.975767999999999,B2C
723030701681,2,15.9284,B2B
723030605033,3,15.926192,B2B
723030607569,3,15.917450999999998,B2C
723030702632,6,15.889997999999999,B2C
723030700425,8,15.868013,B2C
723030701770,2,15.8234,B2C
723030701910,5,15.819852,B2C
723030700997,3,15.810566,B2C
723030605443,10,15.786406999999999,B2C
723030605284,7,15.769275,B2C
723030701476,3,15.743787999999999,B2C
723030606403,3,15.653192,B2C
723030606993,6,15.652815999999998,B2C
723030702352,5,15.560495999999999,B2C
723030604962,2,15.516767999999999,B2C
723030607050,7,15.509502,B2C
723030606574,6,15.500425,B2C
723030702659,6,15.493395999999999,B2C
723030703398,4,15.4923,B2C
723030700875,3,15.485318999999999,B2B
723030605267,3,15.47758,B2C
723030605557,2,15.461578,B2C
723030700268,5,15.461158,B2C
723030605286,3,15.436528,B2C
723030701515,5,15.428703,B2C
723030702333,3,15.327575999999999,B2C
723030701067,4,15.314096,B2C
723030700644,7,15.279288,B2C
723030607066,7,15.263866,B2C
723030607857,2,15.2449,B2B
723030703703,2,15.243,B2C
723030605090,3,15.155712,B2C
723030700503,6,15.148188,B2C
723030702304,2,15.136527999999998,B2B
723030701777,7,15.134703,B2C
723030702379,5,15.124092,B2C
723030607115,6,15.119062,B2C
723030606197,7,15.080849999999998,B2B
723030700366,3,15.077279999999998,B2C
723030607343,4,15.074191999999998,B2C
723030700077,2,15.074,B2B
723030700857,6,15.036634,B2C
723030605329,4,14.976185999999998,B2C
723030606705,10,14.961288999999999,B2C
723030605474,7,14.944574999999999,B2C
723030607900,7,14.934997,B2C
723030608084,3,14.877164,B2B
723030702022,8,14.873069000000001,B2B
723030608629,4,14.84308,B2B
723030700122,3,14.81988,B2B
723030700165,2,14.798703,B2C
723030607594,6,14.798596,B2C
723030701921,4,14.773632,B2C
723030607002,5,14.764354999999998,B2C
723030700493,6,14.729087999999999,B2C
723030700537,5,14.681728,B2C
723030608112,6,14.6512,B2C
723030702395,4,14.647178,B2C
723030700757,4,14.637583999999999,B2C
723030703616,4,14.631552000000001,B2C
723030700140,3,14.629999999999999,B2C
723030607140,2,14.625544,B2B
723030701764,7,14.616561999999998,B2C
723030605107,4,14.612825999999998,B2B
723030701154,2,14.610752,B2B
723030700351,3,14.510328,B2C
723030702743,3,14.507728,B2C
723030700134,5,14.500775999999998,B2C
723030703547,2,14.496768,B2C
723030605192,5,14.496768,B2C
723030702119,5,14.477584,B2B
723030702677,3,14.477583999999998,B2C
723030701378,2,14.464879999999999,B2C
723030608306,2,14.459309999999999,B2B
723030702162,1,14.4584,B2B
723030701402,1,14.4584,B2B
723030700691,4,14.456069,B2C
723030607261,6,14.4268,B2C
723030700342,5,14.401674,B2C
723030607377,7,14.401549,B2C
723030703593,5,14.394042,B2C
723030605052,4,14.3821,B2C
723030605742,4,14.377328,B2C
723030700173,8,14.36362,B2C
723030702411,3,14.346096,B2C
723030607290,5,14.327224999999999,B2C
723030608136,3,14.314776,B2C
723030700993,4,14.298371999999999,B2C
723030608413,4,14.28755,B2C
723030608184,10,14.257935999999999,B2C
723030605814,4,14.24934,B2C
723030701648,3,14.181755999999998,B2C
723030702400,3,14.177666,B2C
723030703578,4,14.157928,B2C
723030702894,3,14.119326,B2C
723030702167,4,14.086329,B2C
723030607855,3,14.076288000000002,B2C
723030700308,5,14.056671999999999,B2C
723030703510,4,14.040384999999999,B2C
723030605125,5,14.017797999999999,B2C
723030701465,6,14.007612,B2C
723030605895,5,13.999748999999998,B2C
723030606018,3,13.993771,B2C
723030703348,6,13.982875999999997,B2B
723030701804,6,13.977628,B2C
723030701913,2,13.942499999999999,B2C
723030605351,3,13.921,B2C
723030605970,2,13.9117,B2C
723030700649,5,13.859832999999998,B2C
723030607397,3,13.858868,B2C
723030607711,2,13.843499999999999,B2B
723030608268,3,13.842096,B2C
723030702057,3,13.832328,B2B
723030606081,2,13.8312,B2C
723030703642,6,13.779729999999999,B2B
723030703427,3,13.76114,B2C
723030700494,2,13.752287999999998,B2C
723030700175,6,13.748213,B2C
723030703058,2,13.7392,B2B
723030607114,5,13.738344,B2C
723030606157,5,13.713536,B2C
723030703216,7,13.678422,B2C
723030607965,4,13.677992000000001,B2C
723030703687,4,13.673953,B2C
723030605152,6,13.653264,B2C
723030607042,5,13.636947999999999,B2C
723030605313,3,13.628799999999998,B2C
723030702935,2,13.620999999999999,B2B
723030605966,2,13.620999999999999,B2C
723030606094,4,13.609471999999998,B2C
723030701050,5,13.607536,B2C
723030606724,5,13.564224,B2C
723030606424,5,13.531388,B2C
723030606141,3,13.524942,B2C
723030608204,5,13.518422,B2C
723030703523,3,13.514076,B2C
723030607283,8,13.513207,B2C
723030702963,6,13.512293,B2C
723030608557,3,13.501999999999999,B2C
723030607317,3,13.485893999999998,B2C
723030607269,5,13.475893999999998,B2C
723030700611,3,13.457937999999999,B2C
723030605048,4,13.40537,B2C
723030607816,2,13.374192,B2C
723030605491,2,13.374192,B2B
723030606886,4,13.367892,B2C
723030604997,7,13.366591,B2C
723030605980,2,13.343615999999999,B2C
723030701879,4,13.338691999999998,B2C
723030608325,2,13.314,B2B
723030607268,3,13.290604,B2C
723030703601,6,13.285036,B2B
723030703609,6,13.285036,B2B
723030605176,3,13.266075,B2B
723030605206,3,13.260384,B2C
723030605086,4,13.239142,B2C
723030604016,7,13.189737999999998,B2C
723030703581,3,13.16152,B2C
723030703431,7,13.147074,B2C
723030700475,4,13.137564,B2C
723030607118,5,13.089229999999999,B2C
723030607554,6,13.070292,B2C
723030702253,4,13.059,B2C
723030700222,4,13.053384,B2C
723030607172,2,13.012096,B2C
723030700759,8,12.989664,B2C
723030606973,3,12.984672,B2C
723030607208,4,12.982288,B2C
723030701737,10,12.924598999999999,B2C
723030702239,7,12.920497,B2C
723030605677,3,12.918479999999999,B2C
723030702906,2,12.8441,B2C
723030608035,4,12.837024,B2C
723030703290,5,12.81158,B2C
723030702003,4,12.763103999999998,B2C
723030702488,3,12.744499999999999,B2B
723030700180,4,12.738795999999999,B2C
723030703397,7,12.714248,B2C
723030607756,3,12.713172,B2C
723030605425,5,12.685355999999999,B2C
723030606848,3,12.684671999999999,B2C
723030607012,4,12.684671999999999,B2C
723030702657,2,12.684671999999999,B2C
723030703576,4,12.684671999999999,B2C
723030702287,5,12.636482999999998,B2C
723030701941,4,12.61,B2C
723030703483,5,12.609983,B2C
723030607807,7,12.609859,B2C
723030607550,2,12.6075,B2B
723030607312,3,12.600575999999998,B2C
723030605656,5,12.564636,B2C
723030607460,3,12.552192,B2C
723030606516,2,12.552191999999998,B2C
723030604007,5,12.541046,B2C
723030606501,4,12.5372,B2C
723030700736,4,12.52278,B2C
723030702511,2,12.4872,B2C
723030702484,2,12.4872,B2C
723030605691,6,12.4734,B2C
723030702970,3,12.465368999999999,B2C
723030608054,4,12.46495,B2B
723030702542,2,12.447972,B2C
723030700590,5,12.44684,B2C
723030606807,4,12.445575999999999,B2C
723030702707,6,12.43675,B2C
723030608098,3,12.411096,B2C
723030607180,5,12.40763,B2C
723030701367,7,12.383868,B2C
723030608108,2,12.362328,B2C
723030701226,2,12.348288,B2C
723030703767,4,12.34652,B2C
723030608280,5,12.336516999999999,B2B
723030606731,3,12.303175999999999,B2B
723030701058,5,12.253971,B2C
723030607230,6,12.251296,B2C
723030700499,7,12.24762,B2C
723030702772,4,12.244335999999999,B2B
723030608641,3,12.23296,B2C
723030608556,2,12.232499999999998,B2C
723030607976,6,12.217979999999999,B2C
723030606746,5,12.186328,B2C
723030606289,5,12.181695999999999,B2C
723030606583,4,12.174384,B2C
723030605808,4,12.174296,B2C
723030606409,4,12.169749999999999,B2C
723030700635,3,12.123384,B2B
723030606497,3,12.118788,B2B
723030503538,2,12.104199999999999,B2B
723030702385,5,12.065795999999999,B2C
723030504200,5,12.050256000000001,B2C
723030606091,3,12.033835,B2C
723030701746,2,12.03,B2C
723030605505,6,12.02898,B2C
723030701680,4,12.01527,B2C
723030607482,4,12.015096,B2C
723030605413,6,12.011819,B2C
723030703740,5,12.011548,B2B
723030608292,6,12.006122,B2B
723030606741,3,12.00606,B2C
723030608144,5,12.004575999999998,B2C
723030701131,4,11.958914,B2B
723030702409,8,11.954519999999999,B2C
723030606866,5,11.931186,B2B
723030606832,4,11.913191999999999,B2C
723030607136,5,11.911389999999999,B2C
723030607765,3,11.897172,B2C
723030702783,5,11.895952,B2C
723030700021,3,11.847078,B2B
723030702845,4,11.836966,B2C
723030607415,5,11.830067,B2C
723030607518,7,11.819795,B2C
723030702161,5,11.769138,B2C
723030702797,4,11.759256,B2B
723030605160,2,11.757204,B2C
723030605268,4,11.72167,B2C
723030700980,3,11.712845999999999,B2C
723030703202,5,11.7045,B2C
723030700172,2,11.6748,B2B
723030607959,6,11.671192,B2C
723030701455,6,11.646428,B2C
723030604221,5,11.640941999999999,B2C
723030702007,2,11.562096,B2B
723030700171,4,11.546088,B2C
723030605422,3,11.53152,B2B
723030700307,3,11.530079999999998,B2C
723030608357,5,11.523527999999999,B2C
723030701259,4,11.507503999999999,B2C
723030605974,7,11.501607,B2C
723030606953,6,11.499116999999998,B2C
723030702445,6,11.468675999999999,B2C
723030608427,3,11.465375,B2C
723030702777,4,11.460533999999999,B2C
723030607937,5,11.459465999999999,B2C
723030702221,6,11.459424,B2C
723030607320,4,11.438251,B2C
723030606933,6,11.435722,B2C
723030608467,7,11.433463999999999,B2C
723030701575,3,11.4175,B2B
723030608261,5,11.360282,B2C
723030608464,4,11.316288,B2C
723030701485,4,11.299396,B2C
723030703777,6,11.296785999999999,B2C
723030703018,2,11.2745,B2B
723030608444,6,11.240761000000001,B2C
723030702990,6,11.219634,B2C
723030605862,5,11.203992,B2C
723030702765,6,11.195131,B2C
723030608002,4,11.1948,B2C
723030606990,5,11.178317,B2C
723030608509,5,11.173788,B2C
723030505561,3,11.121088,B2C
723030702943,5,11.110603999999999,B2C
723030608541,3,11.109175999999998,B2C
723030606786,4,11.085208,B2C
723030606191,4,11.06174,B2C
723030701857,3,11.060295999999997,B2C
723030700585,9,11.060295,B2C
723030703787,4,10.983047999999998,B2C
723030606930,5,10.982144,B2C
723030606117,2,10.959375,B2C
723030702599,8,10.94919,B2C
723030703560,4,10.929575999999999,B2C
723030703212,5,10.91143,B2C
723030607667,8,10.900367,B2C
723030702489,2,10.882494,B2C
723030606904,4,10.882328,B2B
723030700153,4,10.875881999999999,B2C
723030607416,2,10.872575999999999,B2C
723030608313,3,10.872575999999999,B2B
723030607374,3,10.872575999999999,B2C
723030700965,2,10.872575999999999,B2C
723030608336,3,10.853392,B2B
723030701537,4,10.852991999999999,B2C
723030608294,2,10.851750000000001,B2B
723030607651,3,10.843788,B2C
723030702897,4,10.83428,B2C
723030701254,3,10.822512,B2C
723030605199,6,10.804694,B2C
723030702010,6,10.799709,B2C
723030701971,4,10.78848,B2C
723030605421,6,10.763183999999999,B2C
723030702478,5,10.698383999999999,B2C
723030700162,3,10.68793,B2C
723030606105,4,10.686618,B2C
723030703023,7,10.671484,B2C
723030703425,5,10.643642,B2C
723030606175,3,10.633479999999999,B2C
723030605765,3,10.620288,B2B
723030703481,5,10.610178,B2C
723030701207,3,10.606104,B2C
723030606029,5,10.603178999999999,B2C
723030703614,4,10.593572000000002,B2C
723030703013,5,10.586200999999999,B2B
723030701381,6,10.578458,B2C
723030607770,6,10.542788,B2C
723030605494,5,10.537521,B2C
723030605408,3,10.534424,B2B
723030700190,4,10.530479999999999,B2C
723030701202,10,10.511118,B2C
723030701466,6,10.506501,B2C
723030702143,3,10.505924,B2C
723030605965,3,10.503792,B2C
723030606735,2,10.475,B2C
723030701088,2,10.452096000000001,B2C
723030700867,6,10.439074,B2C
723030607299,7,10.434258,B2C
723030703068,3,10.416288,B2C
723030701191,3,10.407499999999999,B2C
723030702734,11,10.403822,B2B
723030605335,5,10.400592,B2C
723030701864,4,10.395906,B2C
723030608315,2,10.39048,B2B
723030607777,4,10.376104,B2C
723030700064,3,10.362462999999998,B2B
723030701612,2,10.3287,B2C
723030604991,2,10.3287,B2B
723030606495,6,10.289375,B2C
723030701814,4,10.278192,B2C
723030702573,7,10.266518,B2C
723030701384,6,10.254877999999998,B2C
723030703550,2,10.24023,B2C
723030604964,5,10.212632,B2C
723030702634,4,10.210006,B2C
723030703689,3,10.203171,B2B
723030702209,4,10.201,B2C
723030703640,3,10.199596,B2C
723030702219,5,10.195443999999998,B2C
723030605177,3,10.188384,B2C
723030606301,5,10.184607999999999,B2C
723030701609,7,10.163991999999999,B2C
723030605305,2,10.134827999999999,B2B
723030605399,5,10.109905,B2C
723030700657,7,10.094377999999999,B2C
723030606378,4,10.088888,B2C
723030701369,3,10.08048,B2C
723030702628,6,10.031958999999999,B2C
723030608598,5,10.02798,B2C
723030700118,3,10.020384,B2C
723030701211,3,10.001472,B2B
723030703490,3,9.9986,B2C
723030701469,11,9.975828,B2C
723030608120,6,9.960384,B2C
723030702512,5,9.953184,B2C
723030608053,7,9.940929,B2C
723030700725,3,9.918125,B2C
723030607666,4,9.908059999999999,B2C
723030605769,4,9.906521,B2C
723030702326,2,9.900749999999999,B2C
723030702924,2,9.891288,B2C
723030605937,2,9.891204,B2C
723030605345,2,9.891204,B2C
723030702893,5,9.876389999999999,B2C
723030700983,5,9.852644,B2C
723030702913,7,9.848706,B2C
723030703557,4,9.847075,B2C
723030701822,2,9.84698,B2C
723030606875,6,9.844479999999999,B2C
723030606150,3,9.841225,B2C
723030701984,3,9.827796,B2B
723030608308,3,9.8235,B2C
723030702497,4,9.810134,B2C
723030606827,7,9.806961999999999,B2C
723030703400,1,9.75,B2C
723030605409,1,9.75,B2C
723030700805,1,9.75,B2C
723030607712,1,9.75,B2C
723030605118,1,9.75,B2B
723030608003,2,9.749634,B2C
723030605888,3,9.747225,B2B
723030701031,3,9.741449999999999,B2C
723030606951,4,9.736305,B2C
723030607500,3,9.73045,B2B
723030700005,2,9.719424,B2B
723030702017,2,9.719424,B2B
723030702800,2,9.719424,B2B
723030701729,3,9.71704,B2C
723030606187,2,9.7145,B2C
723030700378,2,9.7145,B2C
723030606494,4,9.708567,B2C
723030702419,4,9.694735999999999,B2C
723030701766,4,9.693384,B2C
723030702241,6,9.676157,B2C
723030605944,3,9.676079999999999,B2C
723030503159,3,9.669888,B2C
723030607105,2,9.66048,B2B
723030701569,5,9.65949,B2C
723030700966,4,9.644067,B2C
723030607087,4,9.6436,B2C
723030608256,4,9.610728,B2C
723030701946,5,9.595794,B2C
723030701961,5,9.595794,B2C
723030701776,3,9.594883999999999,B2C
723030608428,5,9.593644999999999,B2C
723030608231,3,9.584465,B2B
723030606893,2,9.584399999999999,B2C
723030701542,4,9.574290999999999,B2C
723030700011,5,9.556795999999999,B2C
723030702131,5,9.543792,B2C
723030702345,4,9.537868,B2C
723030607892,3,9.518471,B2C
723030701795,5,9.507156,B2C
723030608057,3,9.495251999999999,B2C
723030701297,6,9.494728,B2C
723030605672,5,9.475884,B2C
723030702480,4,9.475884,B2B
723030703385,4,9.475884,B2C
723030700942,4,9.475884,B2C
723030703127,3,9.475884,B2C
723030700538,5,9.475584,B2C
723030702324,2,9.471169,B2B
723030700973,3,9.4672,B2B
723030702908,3,9.440987999999999,B2C
723030702474,6,9.433788,B2C
723030702156,5,9.432169,B2C
723030605179,6,9.415631999999999,B2C
723030701070,6,9.407537999999999,B2C
723030700953,1,9.386,B2C
723030702651,3,9.379487999999998,B2C
723030701074,4,9.375221,B2C
723030607065,6,9.375036,B2C
723030702299,3,9.37434,B2C
723030702917,3,9.374339999999998,B2C
723030703294,3,9.3265,B2B
723030606503,5,9.313288,B2C
723030603246,5,9.311231999999999,B2C
723030607980,3,9.299116,B2C
723030701343,2,9.286713,B2C
723030700088,5,9.28614,B2C
723030605608,4,9.274,B2C
723030606793,3,9.27108,B2B
723030701556,3,9.27034,B2C
723030703487,4,9.270144,B2C
723030606743,2,9.267,B2C
723030700350,3,9.260209999999999,B2C
723030605778,4,9.249644,B2B
723030605122,7,9.246967999999999,B2C
723030700952,6,9.243972,B2C
723030701475,4,9.240298,B2C
723030700407,2,9.2196,B2C
723030702761,3,9.185192,B2C
723030606452,4,9.163243,B2C
723030605368,4,9.161344,B2C
723030703051,3,9.153514999999999,B2C
723030700357,2,9.142128,B2B
723030702315,2,9.140687999999999,B2C
723030702313,3,9.11886,B2B
723030607584,5,9.117948,B2C
723030702695,2,9.11572,B2C
723030701850,3,9.107828,B2C
723030608638,3,9.0799,B2C
723030703182,3,9.068496,B2C
723030700482,8,9.067643,B2C
723030606011,3,9.06139,B2C
723030702796,4,9.060774,B2B
723030700677,3,9.06048,B2C
723030703087,2,9.060479999999998,B2B
723030605744,2,9.060479999999998,B2B
723030700704,2,9.060479999999998,B2C
723030606903,2,9.060479999999998,B2C
723030605804,2,9.060479999999998,B2B
723030703724,2,9.041295999999999,B2B
723030703344,4,9.039131999999999,B2C
723030702274,2,9.039131999999999,B2B
723030700087,3,9.033792,B2C
723030606280,2,9.014199999999999,B2C
723030606024,6,8.982178,B2C
723030701332,7,8.973764,B2C
723030608218,2,8.971599999999999,B2C
723030703575,3,8.955124999999999,B2C
723030604951,3,8.945442,B2C
723030607933,3,8.929998,B2C
723030602485,2,8.9255,B2B
723030605416,5,8.925153,B2C
723030701651,2,8.912889999999999,B2C
723030702111,2,8.912889999999999,B2C
723030702553,4,8.907246,B2B
723030607327,4,8.903748,B2C
723030702263,5,8.901913,B2C
723030702372,3,8.888431,B2C
723030702390,4,8.884853999999999,B2C
723030701321,2,8.874827999999999,B2B
723030700145,4,8.817008,B2C
723030702163,2,8.8022,B2C
723030608267,3,8.800286999999999,B2C
723030700935,5,8.793289,B2B
723030604961,4,8.791692,B2C
723030700872,2,8.7865,B2C
723030701478,7,8.778234,B2C
723030605849,5,8.771984,B2C
723030700259,4,8.771146,B2B
723030605711,6,8.741088,B2C
723030607788,3,8.73575,B2C
723030701422,6,8.712893,B2C
723030607830,3,8.706999999999999,B2C
723030703488,9,8.675448,B2C
723030701383,2,8.672096,B2C
723030701626,3,8.657162999999999,B2C
723030605797,2,8.651124999999999,B2B
723030702947,5,8.649084,B2C
723030607014,5,8.640092,B2C
723030701650,1,8.64,B2C
723030702809,3,8.626691999999998,B2B
723030608526,4,8.599514,B2C
723030703174,3,8.59,B2C
723030702682,5,8.585239999999999,B2B
723030606514,3,8.566419999999999,B2C
723030703038,3,8.563392,B2C
723030607691,5,8.56074,B2C
723030702486,4,8.556492,B2C
723030701349,4,8.533491999999999,B2C
723030605649,4,8.510275,B2C
723030606479,3,8.499192,B2B
723030608431,4,8.497238,B2C
723030607123,5,8.490896,B2B
723030703235,5,8.486673999999999,B2C
723030606758,3,8.482096,B2C
723030702671,4,8.482095999999999,B2C
723030607263,3,8.479287999999999,B2C
723030606074,4,8.469543999999999,B2C
723030703658,3,8.460096,B2C
723030601130,2,8.438575,B2B
723030607543,3,8.423998,B2C
723030605731,3,8.404398,B2B
723030605983,7,8.39214,B2C
723030701873,4,8.368192,B2C
723030605605,3,8.347362,B2C
723030702569,2,8.34075,B2C
723030701412,6,8.32752,B2C
723030606877,3,8.325402,B2C
723030702788,3,8.321292,B2C
723030608344,2,8.317191999999999,B2C
723030702817,4,8.308992,B2C
723030606850,4,8.275956,B2C
723030700376,3,8.2665,B2C
723030606369,7,8.262642,B2C
723030607464,3,8.247449999999999,B2C
723030700476,6,8.244712,B2C
723030607429,5,8.234572,B2C
723030700432,3,8.231958,B2C
723030605007,4,8.231082,B2C
723030606506,4,8.219844,B2C
723030607833,3,8.207143,B2C
723030605326,3,8.198191999999999,B2C
723030608092,5,8.168726,B2C
723030608107,3,8.161624999999999,B2C
723030702928,3,8.157096,B2C
723030606889,5,8.146867,B2C
723030607522,3,8.1448,B2C
723030604583,4,8.143784,B2C
723030703684,2,8.134656,B2B
723030700637,4,8.119183,B2C
723030603696,2,8.1144,B2B
723030702681,2,8.096492,B2B
723030606324,4,8.09027,B2C
723030607234,5,8.090078,B2C
723030700400,6,8.086466,B2C
723030703723,4,8.082134,B2B
723030703173,4,8.081178,B2B
723030700031,2,8.079191999999999,B2C
723030604676,4,8.061192,B2C
723030606627,4,8.05095,B2C
723030605027,3,8.048749999999998,B2C
723030701870,2,8.048532,B2C
723030608168,5,8.04071,B2C
723030605615,3,8.04,B2C
723030606710,3,8.034884,B2C
723030701703,5,8.024752,B2C
723030605059,5,8.013356,B2C
723030608154,7,8.010586,B2C
723030605483,6,8.008042,B2C
723030607822,6,7.9906109999999995,B2C
723030702545,5,7.983574,B2C
723030606742,2,7.959499999999999,B2C
723030701080,3,7.957329,B2B
723030702543,2,7.911878,B2C
723030702029,2,7.904159999999999,B2C
723030606205,2,7.903499999999999,B2B
723030606551,3,7.8831,B2C
723030607994,5,7.882263,B2C
723030605478,6,7.881288,B2C
723030608207,5,7.861714,B2C
723030605182,3,7.848544,B2B
723030607348,3,7.848383999999999,B2C
723030606545,4,7.842636,B2C
723030703122,4,7.837599999999999,B2C
723030604995,2,7.826,B2C
723030701988,6,7.814821,B2C
723030702974,3,7.8114,B2C
723030606607,2,7.768838000000001,B2C
723030607990,4,7.766192,B2C
723030700510,5,7.764652,B2C
723030703091,3,7.761847999999999,B2C
723030701750,5,7.758196,B2C
723030607781,4,7.755103999999999,B2C
723030700335,3,7.737096,B2C
723030606750,3,7.719659999999999,B2C
723030607784,5,7.719659999999999,B2C
723030700149,5,7.685067,B2C
723030703436,5,7.678674,B2C
723030701547,5,7.670895,B2C
723030702669,6,7.6687959999999995,B2C
723030702667,3,7.663788,B2C
723030701265,3,7.649415,B2C
723030607257,5,7.643739999999999,B2C
723030606158,3,7.630540999999999,B2C
723030608453,4,7.6256319999999995,B2C
723030607692,3,7.617579999999999,B2C
723030701395,6,7.616038,B2C
723030607510,3,7.6114999999999995,B2C
723030702197,5,7.60992,B2C
723030702447,3,7.601824,B2C
723030701810,6,7.578355999999999,B2C
723030703673,4,7.577500000000001,B2C
723030606680,4,7.563791999999999,B2C
723030607746,6,7.5617019999999995,B2C
723030702717,2,7.560861999999999,B2C
723030700542,5,7.5567709999999995,B2C
723030604972,1,7.55425,B2C
723030702536,2,7.552184,B2C
723030608314,6,7.548363999999999,B2C
723030606952,3,7.530104,B2C
723030606262,5,7.521888,B2C
723030702255,2,7.5207999999999995,B2C
723030703782,2,7.510775999999999,B2B
723030703276,4,7.494491999999999,B2C
723030702192,2,7.494287999999999,B2B
723030702585,4,7.480828,B2C
723030605401,4,7.477596,B2C
723030607485,4,7.466778,B2C
723030702842,3,7.458048,B2C
723030606396,4,7.4471099999999995,B2C
723030701441,7,7.433152,B2C
723030607046,4,7.424557999999999,B2C
723030701389,5,7.416587,B2C
723030702290,5,7.402011,B2C
723030700330,5,7.39295,B2C
723030703458,2,7.381551999999999,B2B
723030606416,3,7.380156999999999,B2B
723030700511,6,7.3586279999999995,B2C
723030700608,4,7.342038,B2C
723030607313,4,7.331742,B2B
723030606609,2,7.326975,B2C
723030702776,3,7.317,B2C
723030702455,2,7.25512,B2C
723030700311,5,7.252806999999999,B2C
723030700982,3,7.249294,B2C
723030700508,4,7.248384,B2B
723030703445,2,7.248384,B2B
723030700708,2,7.248384,B2B
723030608482,2,7.248384,B2B
723030703138,4,7.248384,B2C
723030605585,3,7.248384,B2B
723030702391,2,7.248384,B2B
723030701184,2,7.229575,B2B
723030702721,1,7.2292,B2C
723030604172,1,7.2292,B2C
723030701632,1,7.2292,B2C
723030700292,1,7.2292,B2C
723030608305,2,7.227036,B2C
723030605221,2,7.227036,B2C
723030605263,4,7.222424999999999,B2C
723030607291,6,7.1822479999999995,B2C
723030607871,3,7.1686749999999995,B2C
723030607181,2,7.1667,B2C
723030700112,5,7.163664,B2C
723030608358,4,7.14799,B2C
723030605099,4,7.146493999999999,B2C
723030606182,3,7.1461689999999995,B2C
723030607112,4,7.141985999999999,B2C
723030606164,3,7.136652,B2C
723030607047,4,7.133795999999999,B2C
723030703359,5,7.133646,B2C
723030701958,2,7.1333459999999995,B2C
723030606118,4,7.1319479999999995,B2C
723030606822,5,7.13165,B2B
723030703022,2,7.10625,B2C
723030702916,2,7.103788,B2C
723030702316,2,7.1025,B2B
723030605106,4,7.0949279999999995,B2C
723030701222,6,7.0906649999999996,B2C
723030608201,3,7.081102,B2C
723030606017,2,7.080539,B2C
723030603068,5,7.079846,B2C
723030700443,4,7.0792,B2C
723030604738,5,7.063974,B2C
723030605528,4,7.056538,B2C
723030702584,5,7.048818,B2C
723030701103,4,7.035468,B2B
723030703500,2,7.0278030000000005,B2C
723030603766,7,6.9992849999999995,B2C
723030608090,2,6.996096,B2B
723030602508,3,6.993303,B2C
723030600613,6,6.991172,B2C
723030606152,3,6.991168999999999,B2B
723030700170,3,6.987095999999999,B2C
723030703765,4,6.971317999999999,B2B
723030701139,4,6.954,B2B
723030608516,5,6.953011,B2C
723030608310,4,6.94544,B2C
723030700951,5,6.932888,B2C
723030605993,1,6.912,B2B
723030606614,4,6.907160999999999,B2C
723030701016,3,6.89208,B2C
723030700686,4,6.860719999999999,B2C
723030607221,8,6.859216,B2C
723030605388,2,6.858287999999999,B2C
723030701725,4,6.836988,B2C
723030605640,3,6.8283000000000005,B2B
723030703700,4,6.81844,B2B
723030702318,3,6.810933,B2C
723030700472,7,6.807117,B2C
723030700643,2,6.794927999999999,B2B
723030605415,5,6.784195,B2C
723030700852,3,6.741992,B2C
723030603930,5,6.737547999999999,B2B
723030701929,6,6.726207,B2C
723030700434,2,6.72195,B2C
723030605249,5,6.71652,B2C
723030606860,5,6.705586,B2C
723030606711,4,6.697941999999999,B2C
723030700607,4,6.696896,B2C
723030703168,5,6.687931,B2C
723030605169,2,6.687096,B2B
723030608246,2,6.687096,B2C
723030703386,2,6.687096,B2B
723030702986,2,6.687096,B2B
723030703610,1,6.6825,B2C
723030608131,3,6.675298,B2C
723030606814,6,6.645251,B2C
723030605959,5,6.6405259999999995,B2C
723030606379,6,6.640288999999999,B2C
723030701028,4,6.636418,B2C
723030700144,3,6.634867,B2C
723030702335,4,6.62575,B2C
723030607973,4,6.615267,B2C
723030608013,3,6.61426,B2C
723030607762,2,6.61375,B2C
723030703501,5,6.61217,B2C
723030605777,4,6.603692000000001,B2C
723030702523,3,6.600287999999999,B2C
723030700692,3,6.5911919999999995,B2C
723030703602,4,6.5869919999999995,B2B
723030702955,6,6.575375999999999,B2C
723030605544,6,6.570571999999999,B2C
723030701428,3,6.569818999999999,B2C
723030701300,3,6.544779999999999,B2C
723030605071,5,6.5323459999999995,B2C
723030607932,9,6.519354,B2C
723030606946,4,6.514260999999999,B2C
723030608166,5,6.509537,B2C
723030606702,4,6.504353999999999,B2C
723030701686,4,6.485867,B2C
723030700891,2,6.4728840000000005,B2B
723030605434,3,6.4607600000000005,B2C
723030608138,2,6.43542,B2C
723030702740,6,6.4192149999999994,B2C
723030605606,4,6.415096,B2C
723030703417,5,6.409479999999999,B2C
723030702550,4,6.3992249999999995,B2C
723030700922,3,6.377689999999999,B2C
723030701097,6,6.374682,B2C
723030703019,5,6.367644,B2C
723030607145,3,6.3633999999999995,B2C
723030701471,3,6.359588,B2C
723030605866,6,6.358815,B2C
723030701580,2,6.345,B2B
723030605256,5,6.342604,B2C
723030607943,4,6.320754,B2C
723030606756,5,6.307831999999999,B2C
723030607639,4,6.303566999999999,B2C
723030605327,4,6.300113999999999,B2C
723030700577,4,6.298596,B2C
723030606008,4,6.293969,B2C
723030607387,5,6.2836,B2C
723030701354,3,6.275994,B2C
723030700176,4,6.2706919999999995,B2C
723030608085,5,6.269292,B2C
723030702898,2,6.2670960000000004,B2C
723030701486,2,6.2670960000000004,B2C
723030702654,2,6.2670960000000004,B2C
723030702201,2,6.2670960000000004,B2C
723030701763,2,6.2670960000000004,B2C
723030700370,2,6.2670960000000004,B2C
723030703653,4,6.223496,B2C
723030703514,3,6.2227879999999995,B2C
723030700133,4,6.2227879999999995,B2C
723030703628,2,6.2220960000000005,B2B
723030606578,2,6.21819,B2C
723030700706,6,6.216362,B2C
723030607102,6,6.2112359999999995,B2C
723030700711,6,6.208469,B2C
723030703054,4,6.19787,B2C
723030700460,4,6.173748,B2B
723030703301,3,6.1715,B2C
723030605173,2,6.163037999999999,B2B
723030701782,3,6.160946999999999,B2C
723030607250,6,6.159133,B2C
723030608493,5,6.1543149999999995,B2C
723030700200,3,6.131075,B2C
723030607484,3,6.125442,B2C
723030702473,2,6.1225000000000005,B2C
723030701244,4,6.11114,B2C
723030606916,3,6.111000000000001,B2C
723030605988,5,6.10645,B2C
723030700184,3,6.0971,B2C
723030700709,3,6.096727999999999,B2C
723030605655,3,6.094692,B2C
723030703061,2,6.093792,B2B
723030701006,4,6.073003999999999,B2C
723030607153,5,6.059036,B2B
723030701548,4,6.058396,B2C
723030605870,4,6.0394120000000004,B2B
723030604982,3,6.001963,B2C
723030606050,3,5.991168,B2B
723030606682,4,5.980837999999999,B2B
723030606584,4,5.9771719999999995,B2B
723030606082,3,5.970692,B2B
723030702281,4,5.960108,B2C
723030700206,5,5.95845,B2C
723030607026,3,5.954586,B2B
723030607495,2,5.948586,B2B
723030605147,6,5.945328,B2C
723030700917,3,5.943595999999999,B2C
723030700639,3,5.9433039999999995,B2C
723030703367,2,5.9277999999999995,B2B
723030606500,4,5.925452,B2C
723030606713,4,5.912305,B2C
723030703345,3,5.903306,B2C
723030701456,4,5.888179999999999,B2C
723030605380,3,5.886596,B2B
723030607602,4,5.880692,B2C
723030703299,3,5.880692,B2C
723030607725,4,5.880692,B2C
723030700462,3,5.880692,B2C
723030605234,3,5.871888,B2B
723030702329,4,5.859448,B2C
723030702002,3,5.854585999999999,B2B
723030608278,2,5.851692,B2B
723030608024,3,5.851692,B2B
723030605471,4,5.851032999999999,B2C
723030700068,2,5.83625,B2B
723030608128,3,5.833,B2C
723030703213,3,5.83134,B2C
723030605563,4,5.830164,B2C
723030701700,4,5.822445999999999,B2C
723030702616,3,5.817192,B2B
723030607680,3,5.812982,B2C
723030702433,3,5.806208,B2B
723030606996,4,5.799626,B2C
723030702328,4,5.7809479999999995,B2B
723030606964,5,5.757608,B2C
723030607551,4,5.746736,B2C
723030702658,5,5.745721,B2C
723030701780,3,5.740992,B2B
723030700485,4,5.740088,B2C
723030606714,3,5.736383,B2C
723030700215,2,5.736287999999999,B2C
723030702321,4,5.71901,B2C
723030604984,3,5.70108,B2C
723030701734,2,5.6898,B2C
723030703638,2,5.6898,B2C
723030607480,2,5.6898,B2C
723030701935,2,5.671692,B2B
723030605092,3,5.670434,B2C
723030702820,2,5.659,B2B
723030703076,5,5.626865,B2C
723030703643,4,5.619816999999999,B2C
723030605545,3,5.616096,B2C
723030606511,2,5.6145,B2B
723030607323,2,5.6015,B2B
723030700066,4,5.601076,B2C
723030605884,5,5.585981,B2C
723030701852,5,5.577896,B2C
723030608400,4,5.574958,B2C
723030700157,4,5.572566999999999,B2B
723030701912,2,5.571071999999999,B2B
723030702259,3,5.5625,B2C
723030606654,4,5.558279,B2C
723030606646,2,5.5575,B2B
723030700260,4,5.553096,B2C
723030606126,3,5.534891999999999,B2C
723030608299,4,5.532292,B2C
723030608397,4,5.50482,B2C
723030702843,4,5.5031039999999996,B2C
723030606195,3,5.496224,B2B
723030700263,2,5.4825,B2C
723030701372,2,5.4795,B2C
723030700352,2,5.475,B2C
723030703381,2,5.472338000000001,B2C
723030606067,2,5.46136,B2B
723030702353,4,5.4376109999999995,B2C
723030607083,4,5.436582,B2C
723030702405,3,5.436582,B2C
723030606120,3,5.436287999999999,B2B
723030702629,3,5.436287999999999,B2B
723030702649,3,5.436287999999999,B2B
723030701821,2,5.436287999999999,B2B
723030608476,3,5.436287999999999,B2B
723030703248,2,5.436287999999999,B2B
723030606747,3,5.436287999999999,B2B
723030702874,2,5.436287999999999,B2C
723030605631,2,5.436287999999999,B2B
723030703542,2,5.436287999999999,B2B
723030701838,2,5.436287999999999,B2B
723030605638,2,5.436287999999999,B2B
723030703288,3,5.426942,B2C
723030701117,4,5.426942,B2C
723030703342,4,5.420015,B2C
723030606225,3,5.418431999999999,B2C
723030607100,4,5.41118,B2C
723030703073,4,5.394218,B2C
723030703395,2,5.38878,B2B
723030608648,3,5.382704,B2C
723030700854,2,5.361204,B2C
723030605350,4,5.3589839999999995,B2B
723030701871,4,5.351846,B2C
723030607864,3,5.3433,B2B
723030608169,3,5.317771,B2C
723030608046,5,5.299307,B2C
723030701183,3,5.295265,B2C
723030608081,4,5.290158999999999,B2C
723030607190,3,5.287375999999999,B2B
723030607341,2,5.2865,B2B
723030606237,3,5.275116,B2B
723030606766,5,5.270846,B2C
723030703231,2,5.270394,B2B
723030608205,2,5.27,B2C
723030702265,3,5.268876,B2C
723030607177,2,5.268096,B2C
723030606030,4,5.2295419999999995,B2C
723030605424,4,5.205396,B2C
723030606371,3,5.20184,B2C
723030703448,3,5.201471,B2B
723030607968,2,5.197191999999999,B2C
723030703086,2,5.197191999999999,B2C
723030700937,2,5.1965,B2C
723030604956,2,5.1945,B2C
723030605405,3,5.1925,B2B
723030605414,2,5.191523999999999,B2B
723030701544,4,5.177244,B2C
723030702158,2,5.175,B2B
723030700323,5,5.164,B2C
723030605163,3,5.148203,B2C
723030607570,3,5.141274999999999,B2C
723030701085,3,5.1183559999999995,B2C
723030605322,3,5.094192,B2B
723030701684,3,5.08514,B2C
723030702813,3,5.08514,B2C
723030605705,3,5.078621,B2B
723030607511,2,5.075442,B2C
723030605154,5,5.049975,B2B
723030605564,2,5.042549999999999,B2B
723030607975,6,5.03372,B2C
723030606531,2,5.0289,B2C
723030607625,2,5.0257499999999995,B2C
723030607962,3,5.0248919999999995,B2B
723030702528,4,5.000567,B2C
723030701775,2,4.998169,B2B
723030702428,3,4.996408,B2C
723030604960,2,4.982832,B2C
723030700832,2,4.982832,B2C
723030702856,3,4.9821480000000005,B2B
723030700897,4,4.979030999999999,B2C
723030702611,5,4.94633,B2B
723030700298,3,4.9450959999999995,B2C
723030607119,2,4.932,B2B
723030605646,3,4.920344,B2C
723030605713,4,4.91247,B2C
723030608087,4,4.902346,B2C
723030703324,2,4.889279999999999,B2B
723030607564,4,4.87578,B2C
723030702384,1,4.875,B2B
723030608608,1,4.875,B2C
723030607881,1,4.875,B2B
723030701726,1,4.875,B2B
723030703094,1,4.875,B2C
723030605829,1,4.875,B2B
723030700076,4,4.873035,B2C
723030703030,2,4.869,B2C
723030605540,4,4.866519,B2C
723030701045,4,4.865380999999999,B2C
723030702339,2,4.862925,B2C
723030701608,2,4.858992,B2C
723030606437,3,4.858992,B2B
723030606276,3,4.8443,B2C
723030606103,2,4.827999999999999,B2B
723030703209,4,4.825326,B2C
723030607411,2,4.801992,B2C
723030608227,2,4.791399999999999,B2C
723030604947,3,4.785768,B2C
723030605504,4,4.784622,B2B
723030700235,3,4.7833,B2C
723030607911,3,4.766719,B2C
723030700240,3,4.757,B2C
723030606542,3,4.755541999999999,B2C
723030608463,2,4.755,B2C
723030703267,5,4.753622,B2C
723030703238,2,4.752096,B2B
723030605567,2,4.752096,B2B
723030605121,3,4.744471,B2C
723030700419,3,4.733612,B2C
723030702922,2,4.73276,B2C
723030606216,3,4.724271,B2C
723030702737,2,4.719792,B2C
723030703184,4,4.714396,B2B
723030703259,7,4.713762999999999,B2C
723030607478,3,4.71185,B2C
723030703430,2,4.71053,B2C
723030702950,4,4.706988,B2B
723030607772,4,4.7064699999999995,B2C
723030702108,3,4.703602,B2B
723030605275,4,4.69321,B2C
723030608036,2,4.687875,B2C
723030701437,2,4.686708,B2C
723030606698,3,4.655196,B2B
723030607834,2,4.6526,B2C
723030702014,3,4.651616,B2B
723030701898,4,4.647292,B2C
723030702194,2,4.64272,B2B
723030605550,3,4.641452,B2C
723030700214,2,4.613496,B2C
723030702084,5,4.611007,B2C
723030606843,4,4.607766,B2C
723030605339,3,4.605271,B2C
723030702531,3,4.602961,B2C
723030702914,4,4.598412,B2C
723030701499,2,4.584096,B2B
723030700798,2,4.584096,B2B
723030606285,3,4.582765,B2C
723030702793,3,4.582765,B2C
723030605517,3,4.5698,B2B
723030700119,4,4.564386,B2C
723030606901,3,4.563044,B2C
723030608216,4,4.561394,B2C
723030701511,2,4.5395,B2B
723030607885,2,4.513,B2C
723030607964,3,4.509996,B2B
723030702530,4,4.500706,B2C
723030605333,2,4.48092,B2C
723030701708,5,4.4796,B2C
723030604355,3,4.458612,B2B
723030701221,3,4.458596,B2C
723030703043,3,4.458546,B2C
723030607422,2,4.457942,B2C
723030700340,4,4.456192,B2C
723030604371,2,4.45591,B2C
723030608343,1,4.455,B2C
723030607193,4,4.4403,B2C
723030606219,3,4.439192,B2B
723030700181,2,4.439192,B2B
723030606508,4,4.43649,B2C
723030702015,4,4.434664,B2C
723030605670,2,4.42455,B2B
723030601233,4,4.423629,B2C
723030607160,3,4.4208750000000006,B2C
723030702627,3,4.41575,B2B
723030608115,3,4.410692,B2C
723030702621,2,4.410692,B2C
723030607733,1,4.41,B2B
723030702702,2,4.408625,B2B
723030702714,3,4.384779999999999,B2C
723030702350,4,4.381112,B2C
723030607758,3,4.361651999999999,B2C
723030607906,4,4.356329,B2C
723030703533,6,4.3495539999999995,B2C
723030607182,6,4.3495539999999995,B2C
723030702413,6,4.3495539999999995,B2C
723030605588,6,4.3495539999999995,B2B
723030702364,6,4.3495539999999995,B2C
723030701413,6,4.3495539999999995,B2C
723030605714,3,4.349346000000001,B2C
723030605057,3,4.339596,B2C
723030703314,3,4.32501,B2B
723030607664,4,4.317056,B2C
723030703217,3,4.313275,B2C
723030702140,3,4.306692,B2C
723030606891,4,4.299866,B2C
723030607497,3,4.299799999999999,B2C
723030605381,3,4.294874999999999,B2C
723030703585,4,4.282425,B2C
723030606761,2,4.281696,B2C
723030702340,3,4.268304,B2C
723030703696,3,4.266839999999999,B2C
723030606100,4,4.2572600000000005,B2C
723030700406,3,4.2488,B2B
723030606554,3,4.242706,B2C
723030607106,2,4.242,B2B
723030703564,3,4.240669,B2C
723030606121,2,4.232338,B2C
723030606954,3,4.2251959999999995,B2C
723030700382,4,4.224469,B2C
723030701934,4,4.219506,B2C
723030702526,3,4.214067,B2B
723030607940,5,4.205613,B2C
723030700851,3,4.204447999999999,B2C
723030701057,3,4.200396,B2C
723030608040,3,4.195476,B2C
723030702360,4,4.188153,B2C
723030605865,2,4.187086,B2B
723030606076,3,4.1766,B2C
723030608450,2,4.1762,B2C
723030701379,2,4.17078,B2C
723030703266,3,4.168749999999999,B2B
723030605370,2,4.167361,B2B
723030605165,3,4.167361,B2B
723030605062,2,4.158595999999999,B2B
723030700388,4,4.149503999999999,B2C
723030608248,2,4.146013,B2C
723030607108,2,4.13649,B2B
723030700010,2,4.134192,B2B
723030702406,4,4.124346,B2C
723030605180,2,4.117979999999999,B2C
723030703545,3,4.112667999999999,B2C
723030701663,3,4.1079419999999995,B2B
723030701503,3,4.1079419999999995,B2B
723030700735,2,4.107799999999999,B2C
723030606527,4,4.100696,B2C
723030702012,3,4.0935,B2C
723030607914,4,4.078481999999999,B2B
723030703453,2,4.065408,B2C
723030703410,2,4.0591919999999995,B2B
723030701179,4,4.056464,B2C
723030700003,4,4.043622,B2C
723030607284,2,4.0395959999999995,B2B
723030606089,2,4.0395959999999995,B2B
723030605914,2,4.0395959999999995,B2B
723030607626,2,4.0395959999999995,B2B
723030701720,2,4.0395959999999995,B2B
723030702904,2,4.0395959999999995,B2C
723030608495,3,4.0302500000000006,B2C
723030702577,3,4.026999999999999,B2C
723030608239,2,4.02622,B2C
723030606751,2,4.005096,B2B
723030702683,3,4.00252,B2C
723030607970,4,3.9968719999999998,B2B
723030701896,3,3.99414,B2C
723030605089,6,3.9933819999999995,B2C
723030701937,5,3.986356,B2C
723030700129,2,3.9555,B2B
723030607301,4,3.9499959999999996,B2C
723030608472,3,3.948,B2C
723030605091,4,3.946542,B2C
723030703423,3,3.9374800000000003,B2B
723030702504,2,3.928896,B2B
723030608633,2,3.9261299999999997,B2B
723030607303,3,3.9241919999999997,B2C
723030605827,3,3.9241919999999997,B2C
723030605546,2,3.9210000000000003,B2B
723030607929,2,3.9194999999999998,B2C
723030702579,3,3.9186359999999993,B2C
723030703108,3,3.8952959999999996,B2C
723030702463,3,3.895,B2B
723030605272,4,3.880168,B2B
723030606562,6,3.8732439999999997,B2C
723030605103,4,3.866484,B2C
723030703790,4,3.856725,B2C
723030605976,3,3.83885,B2B
723030606460,3,3.8091519999999996,B2B
723030701823,2,3.8005,B2C
723030702941,2,3.8005,B2C
723030606491,2,3.800394,B2B
723030702387,4,3.7961159999999996,B2C
723030606716,4,3.793006,B2B
723030700486,4,3.78796,B2C
723030701473,3,3.786188,B2C
723030607185,6,3.77771,B2C
723030702237,3,3.765396,B2C
723030700244,3,3.765396,B2C
723030702208,2,3.765396,B2B
723030700920,2,3.7551959999999998,B2C
723030608171,5,3.754034,B2C
723030608468,2,3.751155,B2B
723030702404,4,3.744081,B2B
723030701563,3,3.722875,B2C
723030702222,4,3.713898,B2C
723030703021,6,3.7088039999999998,B2C
723030607445,3,3.7008539999999996,B2C
723030608588,3,3.7,B2C
723030605824,2,3.6975,B2B
723030605466,2,3.6975,B2B
723030703595,3,3.6850959999999997,B2C
723030702091,3,3.680303,B2C
723030602278,2,3.6795,B2C
723030702178,3,3.6777919999999997,B2C
723030605251,4,3.673515,B2C
723030700609,4,3.671636,B2C
723030606255,2,3.669,B2B
723030702331,3,3.660063,B2C
723030608408,3,3.658104,B2C
723030700395,3,3.6581,B2B
723030700533,2,3.6546399999999997,B2B
723030607797,7,3.6494999999999997,B2C
723030703589,2,3.6450299999999998,B2B
723030703315,11,3.643035,B2C
723030701451,3,3.6314719999999996,B2C
723030605420,4,3.630496,B2C
723030607006,2,3.6281999999999996,B2C
723030605577,4,3.627873,B2C
723030703241,2,3.624192,B2B
723030606133,2,3.624192,B2B
723030701163,2,3.624192,B2C
723030606194,2,3.624192,B2B
723030700426,2,3.624192,B2B
723030606524,2,3.624192,B2B
723030702348,2,3.624192,B2B
723030606026,2,3.624192,B2B
723030607196,2,3.624192,B2B
723030606265,2,3.624192,B2B
723030702977,2,3.624192,B2B
723030605776,2,3.624192,B2B
723030702538,2,3.624192,B2B
723030606111,4,3.6133849999999996,B2B
723030700062,2,3.5995,B2B
723030608123,2,3.5970959999999996,B2C
723030702427,2,3.5878999999999994,B2C
723030606002,4,3.5854909999999998,B2C
723030606090,3,3.57113,B2C
723030606028,3,3.559856,B2B
723030607773,3,3.5543829999999996,B2C
723030700017,4,3.5534559999999997,B2C
723030703608,2,3.55164,B2B
723030701205,4,3.5469039999999996,B2C
723030703404,3,3.5458399999999997,B2C
723030605257,3,3.5458399999999997,B2B
723030700617,3,3.5458399999999997,B2C
723030702660,2,3.5452799999999995,B2B
723030608219,2,3.540096,B2B
723030702623,2,3.540096,B2B
723030702362,2,3.540096,B2B
723030608328,2,3.540096,B2B
723030607218,4,3.53597,B2C
723030700520,3,3.523396,B2C
723030607314,3,3.5052209999999997,B2C
723030702865,4,3.4911019999999997,B2C
723030700301,4,3.4884709999999997,B2C
723030703682,2,3.4848299999999997,B2B
723030607474,2,3.479596,B2C
723030702310,3,3.479596,B2B
723030702706,2,3.4623,B2B
723030701040,5,3.439653,B2C
723030605913,2,3.4345999999999997,B2C
723030606045,3,3.4219999999999997,B2C
723030701922,4,3.4175729999999995,B2C
723030703764,3,3.417026,B2C
723030608037,3,3.4016529999999996,B2C
723030606336,2,3.39978,B2C
723030607536,3,3.3935000000000004,B2C
723030702170,2,3.385096,B2C
723030700995,2,3.385096,B2C
723030608473,4,3.381408,B2C
723030608296,2,3.378875,B2C
723030700437,3,3.378744,B2C
723030607285,4,3.352852,B2C
723030701185,5,3.351247,B2C
723030700414,6,3.342304,B2C
723030702026,4,3.341172,B2C
723030607995,2,3.335,B2B
723030700143,2,3.335,B2B
723030607097,5,3.3306999999999998,B2C
723030608210,3,3.320442,B2B
723030700694,4,3.311283,B2B
723030701997,3,3.308016,B2C
723030702879,3,3.307015,B2C
723030608470,2,3.301,B2C
723030605202,5,3.30076,B2C
723030700829,3,3.291118,B2C
723030607432,3,3.28239,B2C
723030607139,2,3.282096,B2B
723030606917,2,3.282096,B2B
723030608020,2,3.282096,B2B
723030607618,2,3.282096,B2B
723030603378,2,3.282096,B2B
723030700204,2,3.282096,B2B
723030700467,2,3.282096,B2C
723030700147,2,3.282096,B2B
723030702132,2,3.282096,B2B
723030607077,5,3.276969,B2B
723030606910,4,3.274476,B2C
723030607720,3,3.266946,B2C
723030606003,5,3.248182,B2C
723030606294,3,3.247969,B2C
723030703781,3,3.2235099999999997,B2C
723030607869,3,3.211521,B2C
723030606084,2,3.2091,B2B
723030703084,3,3.203208,B2B
723030701493,3,3.1845,B2C
723030700539,2,3.1765999999999996,B2C
723030505527,3,3.17175,B2C
723030701010,2,3.1707359999999998,B2B
723030701593,3,3.166479,B2C
723030608301,4,3.160352,B2C
723030703462,4,3.1519329999999997,B2C
723030703033,4,3.1471479999999996,B2C
723030605787,3,3.1375,B2B
723030607282,3,3.1339099999999998,B2B
723030702575,3,3.129596,B2B
723030608285,5,3.1236499999999996,B2C
723030700960,2,3.1072999999999995,B2C
723030702635,3,3.10383,B2C
723030701501,4,3.103433,B2C
723030703596,5,3.09917,B2B
723030607204,2,3.0824999999999996,B2C
723030607487,2,3.081204,B2C
723030701064,3,3.073292,B2C
723030701561,1,3.072,B2C
723030701955,2,3.0682,B2B
723030700924,3,3.0673719999999998,B2B
723030606119,2,3.0652399999999997,B2C
723030702148,3,3.0593519999999996,B2C
723030606440,2,3.046896,B2B
723030606696,2,3.043,B2C
723030700927,6,3.038467,B2C
723030700331,3,3.0341959999999997,B2C
723030607240,3,3.0274099999999997,B2C
723030608581,3,3.014096,B2B
723030605019,2,3.0140000000000002,B2C
723030607141,2,3.0140000000000002,B2C
723030702945,2,3.0140000000000002,B2C
723030702425,2,3.0140000000000002,B2C
723030700127,2,3.0140000000000002,B2C
723030608130,2,3.0140000000000002,B2C
723030702058,2,3.0140000000000002,B2C
723030700739,2,3.0140000000000002,B2C
723030607339,2,3.0140000000000002,B2C
723030700558,2,3.0140000000000002,B2C
723030607431,2,3.0140000000000002,B2C
723030702860,3,3.004596,B2B
723030701528,2,2.991846,B2B
723030702464,2,2.9881469999999997,B2C
723030702295,4,2.982627,B2B
723030702319,2,2.9739709999999997,B2B
723030606872,3,2.957169,B2B
723030700733,4,2.9557789999999997,B2C
723030701464,3,2.9549779999999997,B2C
723030608209,2,2.943446,B2C
723030700791,4,2.9388199999999998,B2C
723030606232,3,2.9366719999999997,B2C
723030701459,3,2.931875,B2C
723030607144,2,2.93164,B2C
723030607572,2,2.93164,B2C
723030703582,5,2.9309199999999995,B2C
723030702470,3,2.9270959999999997,B2C
723030607776,4,2.910469,B2C
723030701098,2,2.898434,B2C
723030701253,2,2.898434,B2C
723030608139,2,2.8896689999999996,B2B
723030607437,3,2.885733,B2C
723030703773,3,2.869996,B2C
723030606752,3,2.853265,B2C
723030701037,3,2.851128,B2C
723030608338,2,2.84361,B2B
723030606281,3,2.8401359999999998,B2C
723030700468,3,2.8389789999999997,B2C
723030607311,4,2.837304,B2C
723030607122,2,2.836692,B2C
723030700167,3,2.831376,B2C
723030702193,5,2.830884,B2C
723030700678,2,2.82864,B2B
723030607266,4,2.823769,B2C
723030703170,2,2.8229759999999997,B2B
723030607200,2,2.8229759999999997,B2B
723030605116,2,2.8229759999999997,B2B
723030700534,5,2.817475,B2C
723030606259,4,2.81555,B2C
723030700662,3,2.815452,B2C
723030702640,4,2.8105629999999997,B2C
723030605603,2,2.8078,B2C
723030701923,2,2.8078,B2C
723030606015,5,2.807641,B2C
723030702936,2,2.8072899999999996,B2B
723030700878,2,2.8072899999999996,B2C
723030608232,2,2.7931749999999997,B2C
723030700992,2,2.7931749999999997,B2C
723030608348,2,2.7931749999999997,B2C
723030701753,4,2.784566,B2C
723030606296,2,2.778264,B2C
723030702769,2,2.772935,B2B
723030607394,3,2.771838,B2C
723030607617,2,2.770669,B2B
723030606223,2,2.757084,B2C
723030608347,3,2.738394,B2C
723030607950,2,2.7375,B2B
723030607081,2,2.7368959999999998,B2B
723030703042,2,2.723496,B2C
723030605566,2,2.71791,B2C
723030607306,2,2.71748,B2C
723030605060,3,2.7048,B2C
723030702112,2,2.7047999999999996,B2B
723030701842,3,2.704088,B2C
723030701100,2,2.683296,B2C
723030607533,3,2.6709499999999995,B2C
723030607910,3,2.670619,B2C
723030701781,4,2.655289,B2C
723030703318,3,2.65514,B2C
723030702278,2,2.6458459999999997,B2B
723030606083,2,2.6458459999999997,B2B
723030703419,2,2.6415,B2C
723030703540,2,2.6400959999999998,B2C
723030702368,4,2.636224,B2C
723030606987,3,2.634944,B2C
723030703664,3,2.629152,B2C
723030702790,2,2.627096,B2B
723030703204,4,2.62098,B2C
723030702051,3,2.605076,B2C
723030606899,4,2.604723,B2C
723030700233,5,2.602,B2C
723030605390,2,2.5985959999999997,B2B
723030701533,2,2.5985959999999997,B2C
723030605513,2,2.5985959999999997,B2B
723030700868,2,2.5985959999999997,B2B
723030607251,2,2.5985959999999997,B2B
723030605261,2,2.5985959999999997,B2B
723030701298,2,2.595728,B2B
723030608086,3,2.591865,B2C
723030703188,3,2.5807399999999996,B2C
723030605500,2,2.579646,B2B
723030605393,4,2.574892,B2C
723030703553,3,2.5698749999999997,B2B
723030605681,3,2.566935,B2C
723030702594,4,2.56533,B2C
723030702124,3,2.557938,B2C
723030702565,2,2.551596,B2B
723030605280,2,2.551596,B2B
723030605433,4,2.54845,B2C
723030608566,3,2.548164,B2C
723030702130,3,2.548152,B2C
723030605312,2,2.5313,B2C
723030606626,2,2.529438,B2B
723030608458,3,2.52841,B2C
723030608626,2,2.5275,B2C
723030607653,2,2.5275,B2C
723030702277,2,2.5275,B2B
723030701447,2,2.5191,B2C
723030703521,3,2.516332,B2C
723030703474,3,2.512114,B2B
723030606898,3,2.5012499999999998,B2B
723030606114,2,2.4978,B2C
723030605602,2,2.4931,B2C
723030605813,2,2.487704,B2C
723030701371,2,2.487704,B2C
723030605664,2,2.487704,B2C
723030703416,4,2.4875749999999996,B2C
723030606010,2,2.487038,B2C
723030700565,3,2.48501,B2B
723030701760,2,2.48088,B2B
723030606367,3,2.471516,B2C
723030607345,4,2.457013,B2C
723030607443,2,2.4539999999999997,B2C
723030604952,3,2.448919,B2C
723030700002,2,2.4479699999999998,B2B
723030607809,2,2.444978,B2C
723030606035,2,2.444978,B2C
723030605340,3,2.4348479999999997,B2B
723030702732,3,2.4314039999999997,B2C
723030700582,2,2.427696,B2B
723030607565,4,2.42558,B2C
723030606856,3,2.42391,B2B
723030703308,4,2.42338,B2C
723030703116,3,2.4134329999999995,B2C
723030606645,4,2.409124,B2C
723030608560,2,2.4019709999999996,B2B
723030703044,2,2.3935,B2C
723030606154,2,2.377771,B2B
723030700373,2,2.377771,B2C
723030703089,4,2.3706329999999998,B2C
723030702276,2,2.368704,B2C
723030607501,2,2.367864,B2B
723030700556,2,2.367616,B2C
723030700553,2,2.3599599999999996,B2C
723030607681,2,2.355265,B2B
723030701571,2,2.355265,B2B
723030703284,2,2.355265,B2B
723030701011,2,2.355265,B2B
723030606704,2,2.355265,B2B
723030608033,3,2.3528,B2C
723030607427,2,2.3498059999999996,B2B
723030702444,1,2.3465,B2C
723030703742,2,2.33952,B2B
723030606660,2,2.328169,B2C
723030606813,3,2.325733,B2C
723030700284,2,2.324394,B2B
723030607029,2,2.324394,B2B
723030700976,2,2.322096,B2C
723030700306,2,2.322096,B2B
723030702172,2,2.322096,B2B
723030607880,2,2.322096,B2B
723030702354,2,2.322096,B2B
723030701877,2,2.321138,B2C
723030702054,2,2.3180759999999996,B2C
723030607158,5,2.3114489999999996,B2C
723030607231,4,2.301074,B2C
723030703000,2,2.29755,B2B
723030701440,3,2.297198,B2C
723030703328,4,2.2971749999999997,B2C
723030701543,2,2.295846,B2B
723030606909,2,2.295846,B2B
723030605217,2,2.295846,B2B
723030701030,2,2.295846,B2B
723030700095,3,2.290288,B2C
723030607093,4,2.2886249999999997,B2C
723030700729,2,2.282496,B2B
723030703494,4,2.277072,B2C
723030608624,3,2.2741119999999997,B2C
723030607318,3,2.26574,B2C
723030702722,2,2.261776,B2B
723030702710,2,2.261776,B2B
723030605287,2,2.2565,B2B
723030607535,2,2.248213,B2C
723030703654,2,2.247696,B2B
723030606244,2,2.247696,B2B
723030606213,2,2.244096,B2B
723030703046,2,2.244096,B2B
723030605503,2,2.237466,B2B
723030607669,2,2.234916,B2C
723030608005,2,2.2287,B2C
723030608652,1,2.2275,B2B
723030703186,3,2.227006,B2C
723030605786,3,2.22089,B2C
723030701579,3,2.21907,B2C
723030703606,3,2.218406,B2C
723030702999,2,2.2095,B2B
723030703024,2,2.2095,B2B
723030700710,2,2.1872,B2C
723030606007,2,2.1872,B2C
723030701637,2,2.1872,B2C
723030606273,2,2.1872,B2C
723030701792,2,2.1872,B2B
723030608194,3,2.179596,B2C
723030700573,2,2.1728,B2C
723030702097,3,2.16622,B2B
723030702020,2,2.1628749999999997,B2C
723030607548,3,2.160468,B2B
723030607470,2,2.1525,B2C
723030606334,2,2.1451399999999996,B2B
723030607801,2,2.1451399999999996,B2B
723030608238,2,2.1451399999999996,B2B
723030604988,2,2.1451399999999996,B2C
723030607347,2,2.144846,B2C
723030703778,3,2.12005,B2C
723030701627,2,2.11895,B2B
723030607853,2,2.1168,B2B
723030607513,2,2.116169,B2C
723030607769,3,2.11406,B2C
723030703713,2,2.1140339999999997,B2B
723030702824,3,2.1124709999999998,B2C
723030606640,2,2.103696,B2B
723030703541,2,2.083,B2C
723030702257,2,2.076888,B2B
723030607316,3,2.064102,B2C
723030701524,2,2.061324,B2B
723030702343,2,2.053119,B2C
723030605549,2,2.048696,B2C
723030607525,3,2.040669,B2C
723030701048,2,2.038329,B2B
723030606754,3,2.037822,B2C
723030605291,2,2.0291759999999996,B2B
723030702025,2,2.0213,B2B
723030605278,3,2.017336,B2C
723030605479,2,2.0163,B2B
723030607103,3,2.006927,B2C
723030608249,2,2.00126,B2B
723030606683,2,1.9981999999999998,B2C
723030701269,3,1.9930199999999998,B2C
723030605858,3,1.992948,B2B
723030608545,2,1.9822980000000001,B2B
723030700519,2,1.98,B2C
723030604026,2,1.98,B2C
723030607033,3,1.9791999999999998,B2C
723030701969,3,1.9773969999999998,B2C
723030607491,2,1.968383,B2B
723030700545,2,1.967148,B2C
723030606032,2,1.9663749999999998,B2C
723030607628,2,1.964448,B2B
723030606374,5,1.9595499999999997,B2C
723030608151,4,1.94966,B2C
723030605290,3,1.9485039999999998,B2C
723030607877,3,1.93025,B2C
723030701837,4,1.930246,B2B
723030606085,2,1.9262039999999998,B2C
723030700977,2,1.9018089999999999,B2C
723030606668,4,1.892575,B2C
723030606737,2,1.88618,B2C
723030607027,2,1.880352,B2B
723030702730,2,1.8776,B2C
723030701669,2,1.872838,B2C
723030700581,2,1.855408,B2C
723030607693,4,1.8531719999999998,B2C
723030702479,2,1.85076,B2C
723030701844,2,1.847804,B2C
723030700418,3,1.8401899999999998,B2C
723030600006,2,1.8380159999999999,B2C
723030701119,2,1.8377919999999999,B2C
723030605301,2,1.815402,B2B
723030607082,2,1.8127799999999998,B2B
723030701363,4,1.81277,B2C
723030702252,1,1.812096,B2C
723030606853,1,1.812096,B2B
723030702284,1,1.812096,B2C
723030605840,1,1.812096,B2B
723030703393,1,1.812096,B2C
723030703325,1,1.812096,B2B
723030703467,3,1.808704,B2C
723030702030,2,1.7737439999999998,B2B
723030607631,3,1.770684,B2C
723030700954,2,1.7525439999999999,B2B
723030702155,2,1.751838,B2C
723030701839,2,1.751838,B2C
723030700901,2,1.751838,B2C
723030606009,2,1.7514999999999998,B2B
723030703786,2,1.72891,B2C
723030700913,3,1.7152249999999998,B2C
723030700575,2,1.71115,B2C
723030703756,2,1.7092039999999997,B2C
723030604949,2,1.706872,B2C
723030702704,2,1.7067899999999998,B2B
723030701481,1,1.7066,B2C
723030608303,1,1.7066,B2C
723030701762,1,1.7066,B2C
723030702901,3,1.70658,B2C
723030608537,3,1.703048,B2B
723030702305,4,1.6679499999999998,B2C
723030606456,2,1.6675,B2B
723030607555,2,1.6675,B2C
723030607744,2,1.6675,B2B
723030606790,2,1.6675,B2B
723030703099,2,1.6675,B2B
723030605423,2,1.6675,B2B
723030600001,2,1.65864,B2C
723030702477,2,1.6577,B2C
723030701446,3,1.6559749999999998,B2C
723030606975,3,1.652175,B2C
723030702325,3,1.638522,B2C
723030701930,2,1.6368059999999998,B2C
723030702653,3,1.6306249999999998,B2C
723030607907,2,1.62025,B2C
723030607670,2,1.594548,B2B
723030607260,2,1.5732499999999998,B2B
723030700470,1,1.573,B2C
723030702306,1,1.573,B2C
723030608615,4,1.5625479999999998,B2C
723030703484,2,1.5537,B2C
723030605369,4,1.548366,B2B
723030608342,2,1.5419039999999997,B2C
723030605537,3,1.531432,B2C
723030605155,2,1.501442,B2C
723030702738,2,1.500338,B2C
723030701849,2,1.499844,B2C
723030608185,2,1.49463,B2B
723030606264,2,1.4935,B2C
723030703271,2,1.47455,B2C
723030702676,1,1.47,B2B
723030605346,3,1.4657939999999998,B2C
723030702873,2,1.452,B2C
723030702582,2,1.44935,B2B
723030701201,3,1.43135,B2C
723030607512,4,1.430232,B2C
723030608105,2,1.419088,B2C
723030700116,2,1.4021,B2C
723030608025,1,1.4006999999999998,B2C
723030607363,2,1.36319,B2C
723030606667,3,1.361021,B2C
723030606311,2,1.352175,B2B
723030701590,2,1.35113,B2C
723030607718,4,1.3393599999999999,B2C
723030701495,2,1.329669,B2C
723030607530,2,1.329669,B2B
723030701928,2,1.329669,B2C
723030701234,2,1.329669,B2C
723030608026,2,1.329669,B2C
723030606900,2,1.329669,B2C
723030701826,2,1.3051749999999998,B2C
723030701662,4,1.3032409999999999,B2C
723030701133,3,1.293781,B2C
723030702423,2,1.2740580000000001,B2C
723030605910,2,1.2681499999999999,B2C
723030703016,3,1.258826,B2C
723030607298,2,1.257776,B2B
723030607044,3,1.247294,B2C
723030703586,2,1.24729,B2C
723030605693,2,1.23935,B2C
723030703766,2,1.23869,B2C
723030701851,3,1.232802,B2C
723030605701,2,1.2289999999999999,B2B
723030607633,2,1.225669,B2C
723030700720,3,1.219762,B2C
723030701756,3,1.20909,B2C
723030703050,2,1.2005,B2C
723030607955,3,1.194234,B2C
723030702795,2,1.1913749999999999,B2C
723030702763,2,1.1913749999999999,B2C
723030608356,3,1.1664889999999999,B2C
723030605010,2,1.1614,B2C
723030702712,2,1.1572699999999998,B2C
723030700968,3,1.153212,B2C
723030702959,2,1.149875,B2B
723030606726,2,1.14896,B2C
723030701375,2,1.1456429999999997,B2B
723030702780,2,1.1313499999999999,B2C
723030505526,2,1.1313499999999999,B2C
723030701724,2,1.1313499999999999,B2C
723030703480,2,1.1313499999999999,B2B
723030703674,3,1.126353,B2C
723030702369,3,1.126082,B2C
723030701149,3,1.124778,B2C
723030702342,2,1.11925,B2C
723030608289,2,1.11925,B2B
723030606593,2,1.1181,B2C
723030607553,2,1.112298,B2B
723030606360,2,1.108844,B2C
723030608159,2,1.1084779999999999,B2B
723030701534,5,1.106949,B2B
723030607164,3,1.10553,B2C
723030601933,3,1.102275,B2C
723030700989,2,1.0903,B2C
723030606361,2,1.090233,B2B
723030606537,2,1.089112,B2C
723030702784,2,1.0865,B2C
723030700262,2,1.0865,B2B
723030608006,3,1.083582,B2C
723030703535,2,1.07979,B2C
723030607462,2,1.077973,B2C
723030702617,2,1.077973,B2C
723030701186,2,1.0736249999999998,B2B
723030606078,2,1.0732,B2C
723030603339,2,1.063853,B2B
723030606998,3,1.04039,B2C
723030701504,2,1.0396299999999998,B2C
723030608211,4,1.03546,B2C
723030703234,3,1.018027,B2B
723030700934,3,1.011673,B2C
723030702232,3,1.0096269999999998,B2C
723030701815,3,1.001952,B2C
723030702254,2,0.9923249999999999,B2C
723030701902,2,0.983574,B2B
723030607030,2,0.9824999999999999,B2C
723030700369,2,0.9803999999999999,B2B
723030607875,2,0.9796749999999999,B2C
723030703618,3,0.972914,B2C
723030703230,2,0.969819,B2C
723030703206,2,0.969819,B2C
723030702719,2,0.9655,B2C
723030701032,3,0.96481,B2C
723030700121,2,0.9571689999999999,B2C
723030604804,2,0.9571689999999999,B2C
723030607389,2,0.9571689999999999,B2C
723030701311,2,0.9571689999999999,B2C
723030606509,3,0.956768,B2C
723030702919,2,0.95251,B2B
723030702202,2,0.951418,B2C
723030701355,2,0.938852,B2B
723030700168,3,0.9281159999999999,B2C
723030607989,2,0.927704,B2C
723030608513,3,0.91336,B2C
723030703626,2,0.9042349999999999,B2C
723030607017,2,0.8991499999999999,B2B
723030607280,3,0.8954,B2C
723030702383,2,0.875919,B2C
723030701432,2,0.875919,B2C
723030702778,2,0.875919,B2C
723030702153,2,0.875919,B2C
723030606432,2,0.875919,B2C
723030605151,2,0.8694749999999999,B2C
723030605772,3,0.859094,B2C
723030608235,2,0.8572749999999999,B2C
723030605894,3,0.853216,B2B
723030607998,2,0.8495999999999999,B2C
723030606749,3,0.847397,B2C
723030606499,2,0.8431690000000001,B2C
723030703081,3,0.8403999999999999,B2C
723030606299,1,0.83375,B2C
723030700564,2,0.831832,B2C
723030605271,3,0.8281999999999999,B2C
723030605188,3,0.826873,B2C
723030607040,2,0.8255129999999999,B2B
723030700668,2,0.824716,B2C
723030700978,2,0.823704,B2C
723030703166,3,0.8229799999999999,B2B
723030608082,1,0.794376,B2C
723030702217,2,0.7933319999999999,B2B
723030702169,2,0.79298,B2C
723030607401,2,0.78772,B2C
723030605821,1,0.7865,B2C
723030605626,1,0.7865,B2C
723030606581,3,0.782315,B2C
723030700659,2,0.770856,B2B
723030703150,2,0.769402,B2B
723030700842,3,0.76926,B2C
723030606809,2,0.752466,B2B
723030608505,2,0.74675,B2C
723030703592,2,0.732,B2C
723030606969,3,0.7191299999999999,B2C
723030702442,3,0.70866,B2C
723030607786,3,0.692032,B2C
723030702882,2,0.684373,B2C
723030701989,2,0.684373,B2C
723030605185,2,0.684373,B2C
723030607340,2,0.684373,B2C
723030701752,2,0.667638,B2B
723030702034,2,0.658233,B2B
723030702246,2,0.658233,B2B
723030605149,2,0.64622,B2B
723030700329,3,0.6323,B2C
723030606245,2,0.624954,B2C
723030701678,2,0.624954,B2C
723030607903,3,0.62122,B2C
723030702881,3,0.6201,B2C
723030607537,2,0.6157949999999999,B2C
723030606624,2,0.615158,B2C
723030700348,2,0.60652,B2C
723030605153,2,0.6037999999999999,B2B
723030701072,2,0.599816,B2B
723030700883,1,0.5898749999999999,B2B
723030703032,2,0.5665849999999999,B2B
723030700681,2,0.564792,B2C
723030605949,2,0.5557920000000001,B2B
723030606271,2,0.555204,B2B
723030702067,2,0.555204,B2C
723030607918,1,0.543169,B2C
723030607170,2,0.51091,B2B
723030607952,2,0.509776,B2B
723030700161,2,0.501392,B2C
723030606134,2,0.496,B2C
723030607805,2,0.492424,B2B
723030701291,2,0.489658,B2C
723030703303,2,0.489658,B2B
723030608164,2,0.48772,B2C
723030606603,2,0.473954,B2C
723030700652,3,0.44322599999999995,B2C
723030700383,2,0.43992,B2C
723030701883,2,0.43476,B2C
723030702408,1,0.432,B2B
723030703064,2,0.41779999999999995,B2C
723030607205,2,0.415397,B2B
723030608038,2,0.395352,B2B
723030606372,2,0.38975,B2B
723030700866,2,0.377804,B2C
723030608558,2,0.376884,B2B
723030605469,3,0.37058899999999995,B2C
723030605928,2,0.340072,B2B
723030702590,2,0.340072,B2B
723030701522,2,0.3091,B2C
723030701147,2,0.30455,B2C
723030608410,3,0.30438799999999994,B2C
723030608153,2,0.304175,B2C
723030505295,2,0.300684,B2B
723030700242,1,0.3,B2C
723030701262,1,0.282408,B2C
723030702375,1,0.18495999999999999,B2B
723030700853,2,0.145754,B2C
723030702532,2,0.14149799999999998,B2C
723030606636,1,0.141204,B2C
723030701000,1,0.141204,B2C
723030700347,1,0.141204,B2C
723030700506,2,0.13515899999999997,B2C
723030608399,1,0.02592,B2C
723030607951,1,0.00455,B2C
723030606523,1,0.00455,B2C
723030607419,1,0.00364,B2B
723030702723,4,0.001647,B2C
723030607597,2,0.001434,B2C
723030607835,2,0.001059,B2C
723030700224,2,0.001059,B2C
723030703710,2,0.000669,B2C
723030607763,2,0.000588,B2C
